doc_id,doc2people_id,person_display_name,role,person_id
Carte_Turche_01,PersonDocumentRelation0001,Bar Kadısı,Addressee,Person_522
Carte_Turche_103,PersonDocumentRelation0002,Haleb Kadısı,Addressee,Person_554
Carte_Turche_104,PersonDocumentRelation0003,Haleb Defterdarı,Addressee,Person_553
Carte_Turche_104,PersonDocumentRelation0004,Haleb Kadısı,Addressee,Person_554
Carte_Turche_105,PersonDocumentRelation0005,Haleb Defterdarı,Addressee,Person_553
Carte_Turche_105,PersonDocumentRelation0006,Haleb Kadısı,Addressee,Person_554
Carte_Turche_108,PersonDocumentRelation0007,Haleb Defterdarı,Addressee,Person_553
Carte_Turche_110,PersonDocumentRelation0008,Haleb Defterdarı,Addressee,Person_553
Carte_Turche_110,PersonDocumentRelation0009,Haleb Kadısı,Addressee,Person_554
Carte_Turche_113,PersonDocumentRelation0010,Sakız Kadısı,Addressee,Person_490
Carte_Turche_120,PersonDocumentRelation0011,Ahmed kethüda,Mentioned,Person_464
Carte_Turche_126,PersonDocumentRelation0012,Anton Filipo,Undefined,Person_510
Carte_Turche_126,PersonDocumentRelation0013,Cevan Anton,Mentioned,Person_547
Carte_Turche_13,PersonDocumentRelation0014,Janissaries,Mentioned,Person_403
Carte_Turche_130,PersonDocumentRelation0015,Adreya Alessi,Undefined,Person_450
Carte_Turche_130,PersonDocumentRelation0016,Aleksander Linkermeko,Undefined,Person_474
Carte_Turche_130,PersonDocumentRelation0017,Anderya Gadanni,Undefined,Person_504
Carte_Turche_135,PersonDocumentRelation0018,Arabacı Mustafa,Mentioned,Person_514
Carte_Turche_135,PersonDocumentRelation0019,Ayamavralu Murad,Undefined,Person_518
Carte_Turche_136,PersonDocumentRelation0020,Arabacı Mustafa,Mentioned,Person_514
Carte_Turche_136,PersonDocumentRelation0021,Ayamavralu Murad,Undefined,Person_518
Carte_Turche_137,PersonDocumentRelation0022,Anton Filipo,Undefined,Person_510
Carte_Turche_137,PersonDocumentRelation0023,Cevan Anton,Mentioned,Person_547
Carte_Turche_14,PersonDocumentRelation0024,Janissaries,Mentioned,Person_403
Carte_Turche_14,PersonDocumentRelation0025,Haleb Kadısı,Addressee,Person_554
Carte_Turche_149,PersonDocumentRelation0026,Anton Donado,Mentioned,Person_509
Carte_Turche_15,PersonDocumentRelation0027,Ahmed,Mentioned,Person_456
Carte_Turche_15,PersonDocumentRelation0028,Haleb Kadısı,Addressee,Person_554
Carte_Turche_152,PersonDocumentRelation0029,Sakız Kadısı,Addressee,Person_490
Carte_Turche_152,PersonDocumentRelation0030,Simon Konsarin,Mentioned,Person_489
Carte_Turche_153,PersonDocumentRelation0031,Simon Konsarin,Mentioned,Person_489
Carte_Turche_157,PersonDocumentRelation0032,Anderya Gadanni,Mentioned,Person_504
Carte_Turche_158,PersonDocumentRelation0033,Anderya Gadanni,Undefined,Person_504
Carte_Turche_163,PersonDocumentRelation0034,,Mentioned,Person_450
Carte_Turche_163,PersonDocumentRelation0035,,Mentioned,Person_504
Carte_Turche_167,PersonDocumentRelation0036,Anderya Gadanni,Undefined,Person_504
Carte_Turche_170,PersonDocumentRelation0037,Sakız Kadısı,Addressee,Person_490
Carte_Turche_173,PersonDocumentRelation0038,Anton Donado,Mentioned,Person_509
Carte_Turche_174,PersonDocumentRelation0039,Haleb Kadısı,Addressee,Person_554
Carte_Turche_177,PersonDocumentRelation0040,Ahmed Paşa,Mentioned,Person_466
Carte_Turche_185,PersonDocumentRelation0041,Abraham,Mentioned,Person_443
Carte_Turche_186,PersonDocumentRelation0042,Delvine Kadısı,Addressee,Person_550
Carte_Turche_187,PersonDocumentRelation0043,Delvine Kadısı,Addressee,Person_550
Carte_Turche_19,PersonDocumentRelation0044,Haleb Kadısı,Addressee,Person_554
Carte_Turche_198,PersonDocumentRelation0045,Sakız Kadısı,Addressee,Person_490
Carte_Turche_21,PersonDocumentRelation0046,Cristoforo di Bonà,Undefined,Person_406
Carte_Turche_21,PersonDocumentRelation0047,Haleb Kadısı,Addressee,Person_554
Carte_Turche_220,PersonDocumentRelation0048,Haleb Defterdarı,Addressee,Person_553
Carte_Turche_220,PersonDocumentRelation0049,Haleb Kadısı,Addressee,Person_554
Carte_Turche_222,PersonDocumentRelation0050,Haleb Defterdarı,Addressee,Person_553
Carte_Turche_237,PersonDocumentRelation0051,Delvine Kadısı,Addressee,Person_550
Carte_Turche_245,PersonDocumentRelation0052,Haleb Defterdarı,Addressee,Person_553
Carte_Turche_245,PersonDocumentRelation0053,Haleb Kadısı,Addressee,Person_554
Carte_Turche_247,PersonDocumentRelation0054,Haleb Defterdarı,Addressee,Person_553
Carte_Turche_247,PersonDocumentRelation0055,Haleb Kadısı,Addressee,Person_554
Carte_Turche_248,PersonDocumentRelation0056,Haleb Defterdarı,Addressee,Person_553
Carte_Turche_248,PersonDocumentRelation0057,Haleb Kadısı,Addressee,Person_554
Carte_Turche_254,PersonDocumentRelation0058,Haleb Defterdarı,Addressee,Person_553
Carte_Turche_254,PersonDocumentRelation0059,Haleb Kadısı,Addressee,Person_554
Carte_Turche_255,PersonDocumentRelation0060,Ahmed Paşa,Mentioned,Person_466
Carte_Turche_255,PersonDocumentRelation0061,Haleb Defterdarı,Addressee,Person_553
Carte_Turche_255,PersonDocumentRelation0062,Haleb Kadısı,Addressee,Person_554
Carte_Turche_256,PersonDocumentRelation0063,Haleb Defterdarı,Addressee,Person_553
Carte_Turche_256,PersonDocumentRelation0064,Haleb Kadısı,Addressee,Person_554
Carte_Turche_258,PersonDocumentRelation0065,Ahmed Paşa,Undefined,Person_466
Carte_Turche_258,PersonDocumentRelation0066,Haleb Kadısı,Addressee,Person_554
Carte_Turche_259,PersonDocumentRelation0067,Haleb Defterdarı,Addressee,Person_553
Carte_Turche_259,PersonDocumentRelation0068,Haleb Kadısı,Addressee,Person_554
Carte_Turche_261,PersonDocumentRelation0069,Ahmed Paşa,Mentioned,Person_466
Carte_Turche_263,PersonDocumentRelation0070,Ahmed Paşa,Undefined,Person_466
Carte_Turche_267,PersonDocumentRelation0071,Ahmed Paşa,Mentioned,Person_466
Carte_Turche_27,PersonDocumentRelation0072,(Huca) Rigilo (Venetian merchant),Mentioned,Person_402
Carte_Turche_270,PersonDocumentRelation0073,Haleb Defterdarı,Addressee,Person_553
Carte_Turche_270,PersonDocumentRelation0074,Haleb Kadısı,Addressee,Person_554
Carte_Turche_275,PersonDocumentRelation0075,Almoro,Mentioned,Person_502
Carte_Turche_276,PersonDocumentRelation0076,Almoro,Mentioned,Person_502
Carte_Turche_276,PersonDocumentRelation0077,Delvine Kadısı,Addressee,Person_550
Carte_Turche_277,PersonDocumentRelation0078,Almoro,Mentioned,Person_502
Carte_Turche_278,PersonDocumentRelation0079,Almoro,Mentioned,Person_502
Carte_Turche_279,PersonDocumentRelation0080,Almoro,Mentioned,Person_502
Carte_Turche_283,PersonDocumentRelation0081,Aleksandro Molin,Mentioned,Person_478
Carte_Turche_29,PersonDocumentRelation0082,Cristoforo di Bonà,Undefined,Person_406
Carte_Turche_292,PersonDocumentRelation0083,Draç Kadısı,Addressee,Person_552
Carte_Turche_296,PersonDocumentRelation0084,Corcu Custinyan Kavalir,Mentioned,Person_548
Carte_Turche_297,PersonDocumentRelation0085,Ali Paşa,Undefined,Person_500
Carte_Turche_305,PersonDocumentRelation0086,Ahmed Kaymakam,Sender,Person_463
Carte_Turche_305,PersonDocumentRelation0087,Ali Paşa,Undefined,Person_500
Carte_Turche_306,PersonDocumentRelation0088,Ahmed Kaymakam,Undefined,Person_463
Carte_Turche_306,PersonDocumentRelation0089,Saray Kadısı,Addressee,Person_492
Carte_Turche_307,PersonDocumentRelation0090,Saray Kadısı,Addressee,Person_492
Carte_Turche_308,PersonDocumentRelation0091,Bartolo Canki,Mentioned,Person_524
Carte_Turche_309,PersonDocumentRelation0092,Ahmed Bey,Mentioned,Person_459
Carte_Turche_316,PersonDocumentRelation0093,Aleksandır Rugunmi,Undefined,Person_477
Carte_Turche_316,PersonDocumentRelation0094,Haleb Defterdarı,Addressee,Person_553
Carte_Turche_316,PersonDocumentRelation0095,Haleb Kadısı,Addressee,Person_554
Carte_Turche_317,PersonDocumentRelation0096,Draç Kadısı,Addressee,Person_552
Carte_Turche_318,PersonDocumentRelation0097,Anderya Petrovik,Mentioned,Person_505
Carte_Turche_320,PersonDocumentRelation0098,Abdurrahman Efendi,Undefined,Person_438
Carte_Turche_320,PersonDocumentRelation0099,Ahmed Efendi ibn Muharrem,Undefined,Person_460
Carte_Turche_320,PersonDocumentRelation0100,Corcu Custinyan Kavalir,Mentioned,Person_548
Carte_Turche_321,PersonDocumentRelation0101,Delvine Kadısı,Addressee,Person_550
Carte_Turche_325,PersonDocumentRelation0102,Bartolo Baruti,Undefined,Person_523
Carte_Turche_327,PersonDocumentRelation0103,Bartolo Baruti,Mentioned,Person_523
Carte_Turche_328,PersonDocumentRelation0104,Bartolo Baruti,Undefined,Person_523
Carte_Turche_33,PersonDocumentRelation0105,Haleb Defterdarı,Addressee,Person_553
Carte_Turche_33,PersonDocumentRelation0106,Haleb Kadısı,Addressee,Person_554
Carte_Turche_336,PersonDocumentRelation0107,Aleksanderi Vunhonmi,Mentioned,Person_476
Carte_Turche_337,PersonDocumentRelation0108,Aleksanderi Vunhonmi,Undefined,Person_476
Carte_Turche_337,PersonDocumentRelation0109,Yusuf Ağa,Undefined,Person_485
Carte_Turche_338,PersonDocumentRelation0110,Aleksanderi Vunhonmi,Mentioned,Person_476
Carte_Turche_339,PersonDocumentRelation0111,Sakız Kadısı,Addressee,Person_490
Carte_Turche_339,PersonDocumentRelation0112,Sakız Sancakbeyi,Addressee,Person_491
Carte_Turche_344,PersonDocumentRelation0113,Haleb Defterdarı,Addressee,Person_553
Carte_Turche_344,PersonDocumentRelation0114,Haleb Kadısı,Addressee,Person_554
Carte_Turche_345,PersonDocumentRelation0115,Haleb Defterdarı,Addressee,Person_553
Carte_Turche_364,PersonDocumentRelation0116,Ali Paşa,Sender,Person_500
Carte_Turche_373,PersonDocumentRelation0117,Draç Kadısı,Addressee,Person_552
Carte_Turche_374,PersonDocumentRelation0118,Cafer Ağa,Mentioned,Person_541
Carte_Turche_38,PersonDocumentRelation0119,Haleb Kadısı,Addressee,Person_554
Carte_Turche_384,PersonDocumentRelation0120,Haleb Defterdarı,Addressee,Person_553
Carte_Turche_384,PersonDocumentRelation0121,Haleb Kadısı,Addressee,Person_554
Carte_Turche_391,PersonDocumentRelation0122,Bihaç Beyi,Addressee,Person_532
Carte_Turche_391,PersonDocumentRelation0123,Bihaç Kadısı,Addressee,Person_533
Carte_Turche_392,PersonDocumentRelation0124,Bihaç Beyi,Addressee,Person_532
Carte_Turche_392,PersonDocumentRelation0125,Bihaç Kadısı,Addressee,Person_533
Carte_Turche_394,PersonDocumentRelation0126,Bayram Paşa,Undefined,Person_529
Carte_Turche_399,PersonDocumentRelation0127,Bayram Paşa,Mentioned,Person_529
Carte_Turche_40,PersonDocumentRelation0128,Haleb Kadısı,Addressee,Person_554
Carte_Turche_400,PersonDocumentRelation0129,Bayram Paşa,Undefined,Person_529
Carte_Turche_401,PersonDocumentRelation0130,Bayram Paşa,Mentioned,Person_529
Carte_Turche_406,PersonDocumentRelation0131,Ahmed,Mentioned,Person_456
Carte_Turche_410,PersonDocumentRelation0132,Kadısı,Addressee,Person_400
Carte_Turche_42,PersonDocumentRelation0133,Ali bin Mehmed,Mentioned,Person_493
Carte_Turche_42,PersonDocumentRelation0134,Bali bin Ali,Mentioned,Person_519
Carte_Turche_422,PersonDocumentRelation0135,Delvine kadısı,Addressee,Person_550
Carte_Turche_427,PersonDocumentRelation0136,Kadısına,Addressee,Person_401
Carte_Turche_43,PersonDocumentRelation0137,Ali bin Mehmed,Mentioned,Person_493
Carte_Turche_43,PersonDocumentRelation0138,Bali bin Ali,Undefined,Person_519
Carte_Turche_43,PersonDocumentRelation0139,Bar Kadısı,Addressee,Person_522
Carte_Turche_435,PersonDocumentRelation0140,Delvine Kadısı,Addressee,Person_550
Carte_Turche_436,PersonDocumentRelation0141,Alay Beyi,Mentioned,Person_473
Carte_Turche_436,PersonDocumentRelation0142,Simon Kontarin,Mentioned,Person_489
Carte_Turche_441,PersonDocumentRelation0143,Haleb Defterdarı,Addressee,Person_553
Carte_Turche_441,PersonDocumentRelation0144,Haleb Kadısı,Addressee,Person_554
Carte_Turche_448,PersonDocumentRelation0145,Receb Paşa,Sender,Person_488
Carte_Turche_455,PersonDocumentRelation0146,Alay Beyi,Undefined,Person_473
Carte_Turche_457,PersonDocumentRelation0147,Yusuf Dayı,Addressee,Person_484
Carte_Turche_458,PersonDocumentRelation0148,Receb Paşa,Undefined,Person_488
Carte_Turche_458,PersonDocumentRelation0149,Yusuf Dayı,Mentioned,Person_484
Carte_Turche_459,PersonDocumentRelation0150,Ahmed Ağa,Mentioned,Person_457
Carte_Turche_459,PersonDocumentRelation0151,Yusuf Dayı,Addressee,Person_484
Carte_Turche_459,PersonDocumentRelation0152,Yusuf Dayı,Undefined,Person_484
Carte_Turche_460,PersonDocumentRelation0153,Receb Paşa,Undefined,Person_488
Carte_Turche_460,PersonDocumentRelation0154,Yusuf Dayı,Mentioned,Person_484
Carte_Turche_462,PersonDocumentRelation0155,Receb Paşa,Mentioned,Person_488
Carte_Turche_47,PersonDocumentRelation0156,Haleb Kadısı,Addressee,Person_554
Carte_Turche_474,PersonDocumentRelation0157,Receb Paşa,Addressee,Person_488
Carte_Turche_476,PersonDocumentRelation0158,Receb Paşa,Undefined,Person_488
Carte_Turche_480,PersonDocumentRelation0159,Ceralimo Kostomarin,Undefined,Person_545
Carte_Turche_480,PersonDocumentRelation0160,Receb Paşa,Mentioned,Person_488
Carte_Turche_481,PersonDocumentRelation0161,Ceralimo Kostomarin,Mentioned,Person_545
Carte_Turche_482,PersonDocumentRelation0162,Ceralimo Kostomarin,Mentioned,Person_545
Carte_Turche_491,PersonDocumentRelation0163,Corcu Custinyan Kavalir,Undefined,Person_548
Carte_Turche_492,PersonDocumentRelation0164,Corcu Custinyan Kavalir,Mentioned,Person_548
Carte_Turche_492,PersonDocumentRelation0165,Receb Paşa,Mentioned,Person_488
Carte_Turche_495,PersonDocumentRelation0166,Ahmed Beşe,Mentioned,Person_458
Carte_Turche_495,PersonDocumentRelation0167,Corcu Custinyan Kavalir,Mentioned,Person_548
Carte_Turche_500,PersonDocumentRelation0168,Cafer Ağa,Mentioned,Person_541
Carte_Turche_500,PersonDocumentRelation0169,Draç Kadısı,Addressee,Person_552
Carte_Turche_500,PersonDocumentRelation0170,Draç Kadısı,Addressee,Person_552
Carte_Turche_501,PersonDocumentRelation0171,Cafer Ağa,Mentioned,Person_541
Carte_Turche_503,PersonDocumentRelation0172,Receb Paşa,Sender,Person_488
Carte_Turche_504,PersonDocumentRelation0173,Receb Paşa,Sender,Person_488
Carte_Turche_505,PersonDocumentRelation0174,Receb Paşa,Sender,Person_488
Carte_Turche_506,PersonDocumentRelation0175,Receb Paşa,Mentioned,Person_488
Carte_Turche_507,PersonDocumentRelation0176,Anderya veled-i Batista,Mentioned,Person_507
Carte_Turche_509,PersonDocumentRelation0177,Bıçakçı oğlu Mehmed,Mentioned,Person_534
Carte_Turche_509,PersonDocumentRelation0178,Receb Paşa,Sender,Person_488
Carte_Turche_510,PersonDocumentRelation0179,Bıçakçı oğlu Mehmed,Mentioned,Person_534
Carte_Turche_517,PersonDocumentRelation0180,Receb Paşa,Undefined,Person_488
Carte_Turche_518,PersonDocumentRelation0181,Haleb Defterdarı,Addressee,Person_553
Carte_Turche_518,PersonDocumentRelation0182,Haleb Kadısı,Addressee,Person_554
Carte_Turche_530,PersonDocumentRelation0183,Receb Paşa,Sender,Person_488
Carte_Turche_531,PersonDocumentRelation0184,Receb Paşa,Mentioned,Person_488
Carte_Turche_532,PersonDocumentRelation0185,Bosna Defterdarı,Addressee,Person_538
Carte_Turche_532,PersonDocumentRelation0186,Receb Paşa,Mentioned,Person_488
Carte_Turche_533,PersonDocumentRelation0187,Draç Kadısı,Addressee,Person_552
Carte_Turche_533,PersonDocumentRelation0188,Draç Kadısı,Addressee,Person_552
Carte_Turche_536,PersonDocumentRelation0189,Bıçakçızade Mehmed Ağa,Sender,Person_535
Carte_Turche_537,PersonDocumentRelation0190,Bıçakçızade Mehmed Ağa,Mentioned,Person_535
Carte_Turche_538,PersonDocumentRelation0191,Alaca İsnoyafi,Mentioned,Person_471
Carte_Turche_538,PersonDocumentRelation0192,Delvine Kadısı,Addressee,Person_550
Carte_Turche_540,PersonDocumentRelation0193,Alaca İsnoyafi,Undefined,Person_471
Carte_Turche_540,PersonDocumentRelation0194,Sakız Sancakbeyi,Addressee,Person_491
Carte_Turche_548,PersonDocumentRelation0195,Receb Paşa,Mentioned,Person_488
Carte_Turche_554,PersonDocumentRelation0196,Delvine Kadısı,Addressee,Person_550
Carte_Turche_555,PersonDocumentRelation0197,Avlonya Sancakbeyi,Addressee,Person_517
Carte_Turche_559,PersonDocumentRelation0198,Delvine Kadısı,Addressee,Person_550
Carte_Turche_56,PersonDocumentRelation0199,Cafer Ağa,Mentioned,Person_541
Carte_Turche_561,PersonDocumentRelation0200,Haleb Kadısı,Addressee,Person_554
Carte_Turche_585,PersonDocumentRelation0201,Yusuf Dayı,Addressee,Person_484
Carte_Turche_586,PersonDocumentRelation0202,Yusuf Dayı,Mentioned,Person_484
Carte_Turche_588,PersonDocumentRelation0203,Ali Bölükbaşı,Undefined,Person_494
Carte_Turche_589,PersonDocumentRelation0204,Ali Bölükbaşı,Mentioned,Person_494
Carte_Turche_59,PersonDocumentRelation0205,Ali ibn Hamid,Mentioned,Person_499
Carte_Turche_590,PersonDocumentRelation0206,Aleksander veled-i,Mentioned,Person_475
Carte_Turche_590,PersonDocumentRelation0207,Bar Kadısı,Addressee,Person_522
Carte_Turche_60,PersonDocumentRelation0208,Haleb Kadısı,Addressee,Person_554
Carte_Turche_600,PersonDocumentRelation0209,Draç Kadısı,Addressee,Person_552
Carte_Turche_601,PersonDocumentRelation0210,Bosna Defterdarı,Addressee,Person_538
Carte_Turche_616,PersonDocumentRelation0211,Saray Kadısı,Addressee,Person_492
Carte_Turche_617,PersonDocumentRelation0212,Delvine Kadısı,Addressee,Person_550
Carte_Turche_618,PersonDocumentRelation0213,Bar Kadısı,Addressee,Person_522
Carte_Turche_623,PersonDocumentRelation0214,Draç Kadısı,Addressee,Person_552
Carte_Turche_624,PersonDocumentRelation0215,Avlonya Sancakbeyi,Addressee,Person_517
Carte_Turche_624,PersonDocumentRelation0216,Draç Kadısı,Addressee,Person_552
Carte_Turche_625,PersonDocumentRelation0217,Haleb Defterdarı,Addressee,Person_553
Carte_Turche_625,PersonDocumentRelation0218,Haleb Kadısı,Addressee,Person_554
Carte_Turche_630,PersonDocumentRelation0219,Anavarin Kadısı,Addressee,Person_503
Carte_Turche_64,PersonDocumentRelation0220,Ahmed ibn Hamid,Mentioned,Person_461
Carte_Turche_642,PersonDocumentRelation0221,Ahmed Paşa,Mentioned,Person_466
Carte_Turche_644,PersonDocumentRelation0222,Ahmed Mustafa,Mentioned,Person_465
Carte_Turche_652,PersonDocumentRelation0223,Andıra Kadısı,Addressee,Person_508
Carte_Turche_658,PersonDocumentRelation0224,Alena,Undefined,Person_479
Carte_Turche_659,PersonDocumentRelation0225,Haleb Kadısı,Addressee,Person_554
Carte_Turche_66,PersonDocumentRelation0226,Cerolimo Lipovani Kavalir,Undefined,Person_546
Carte_Turche_664,PersonDocumentRelation0227,Berk oğlu Mustafa,Mentioned,Person_531
Carte_Turche_667,PersonDocumentRelation0228,Berk oğlu Mustafa,Mentioned,Person_531
Carte_Turche_67,PersonDocumentRelation0229,Cerolimo Lipovani Kavalir,Mentioned,Person_546
Carte_Turche_670,PersonDocumentRelation0230,Delvine Kadısı,Addressee,Person_550
Carte_Turche_671,PersonDocumentRelation0231,Delvine Kadısı,Addressee,Person_550
Carte_Turche_673,PersonDocumentRelation0232,Anavarin Kadısı,Addressee,Person_503
Carte_Turche_69,PersonDocumentRelation0233,Cerolimo Lipovani Kavalir,Mentioned,Person_546
Carte_Turche_692,PersonDocumentRelation0234,Abdülkerim Efendi,Mentioned,Person_429
Carte_Turche_692,PersonDocumentRelation0235,Abdurrahman Halil,Undefined,Person_439
Carte_Turche_694,PersonDocumentRelation0236,Ahmed Paşa,Undefined,Person_466
Carte_Turche_698,PersonDocumentRelation0237,Kadısı,Addressee,Person_400
Carte_Turche_704,PersonDocumentRelation0238,Abdurrahman Çavuş,Undefined,Person_437
Carte_Turche_704,PersonDocumentRelation0239,Abdurrahman Mustafa,Undefined,Person_440
Carte_Turche_704,PersonDocumentRelation0240,Abidin Hasan,Undefined,Person_442
Carte_Turche_705,PersonDocumentRelation0241,Abdullah Halife,Undefined,Person_433
Carte_Turche_705,PersonDocumentRelation0242,Ali Halife,Undefined,Person_498
Carte_Turche_710,PersonDocumentRelation0243,Yusuf Ağa,Mentioned,Person_485
Carte_Turche_713,PersonDocumentRelation0244,Ali Paşa,Mentioned,Person_500
Carte_Turche_714,PersonDocumentRelation0245,Ahmed ibn Mahmud,Undefined,Person_462
Carte_Turche_716,PersonDocumentRelation0246,Ahmed Paşa,Mentioned,Person_466
Carte_Turche_717,PersonDocumentRelation0247,Abdülaziz Çelebi,Mentioned,Person_424
Carte_Turche_717,PersonDocumentRelation0248,Ali Çelebi,Mentioned,Person_497
Carte_Turche_719,PersonDocumentRelation0249,Ahmed Paşa,Undefined,Person_466
Carte_Turche_720,PersonDocumentRelation0250,Abdülaziz Çelebi,Undefined,Person_424
Carte_Turche_721,PersonDocumentRelation0251,Abdülaziz Çelebi,Undefined,Person_424
Carte_Turche_721,PersonDocumentRelation0252,Abdülkadir Ağa,Mentioned,Person_426
Carte_Turche_721,PersonDocumentRelation0253,Ali Çelebi,Mentioned,Person_497
Carte_Turche_721,PersonDocumentRelation0254,Ali Çelebi,Mentioned,Person_497
Carte_Turche_723,PersonDocumentRelation0255,Ahmed Paşa,Sender,Person_466
Carte_Turche_724,PersonDocumentRelation0256,Ahmed Paşa,Mentioned,Person_466
Carte_Turche_725,PersonDocumentRelation0257,Antoni Kastanbre,Undefined,Person_512
Carte_Turche_726,PersonDocumentRelation0258,Antoni Kastanbre,Undefined,Person_512
Carte_Turche_730,PersonDocumentRelation0259,Saray Kadısı,Addressee,Person_492
Carte_Turche_731,PersonDocumentRelation0260,Bartolo Canki,Mentioned,Person_524
Carte_Turche_731,PersonDocumentRelation0261,Saray Kadısı,Addressee,Person_492
Carte_Turche_732,PersonDocumentRelation0262,Bartolo Canki,Undefined,Person_524
Carte_Turche_734,PersonDocumentRelation0263,Ahmed Paşa,Mentioned,Person_466
Carte_Turche_735,PersonDocumentRelation0264,Ahmed Paşa,Undefined,Person_466
Carte_Turche_738,PersonDocumentRelation0265,Adrian veled-i Luka,Undefined,Person_451
Carte_Turche_739,PersonDocumentRelation0266,Ağyazar,Mentioned,Person_455
Carte_Turche_743,PersonDocumentRelation0267,Abdullah,Mentioned,Person_431
Carte_Turche_744,PersonDocumentRelation0268,Abdülkadir Paşa,Undefined,Person_427
Carte_Turche_747,PersonDocumentRelation0269,Ali Çelebi,Sender,Person_497
Carte_Turche_748,PersonDocumentRelation0270,Ali Çelebi,Mentioned,Person_497
Carte_Turche_753,PersonDocumentRelation0271,Baltasar Sovan,Undefined,Person_521
Carte_Turche_755,PersonDocumentRelation0272,Ahmed Paşa,Sender,Person_466
Carte_Turche_756,PersonDocumentRelation0273,Ahmed Paşa,Mentioned,Person_466
Carte_Turche_759,PersonDocumentRelation0274,Abdullah Efendi,Sender,Person_432
Carte_Turche_760,PersonDocumentRelation0275,Abdullah,Mentioned,Person_431
Carte_Turche_760,PersonDocumentRelation0276,"Abdullah, Gabela kadısı",Sender,Person_434
Carte_Turche_761,PersonDocumentRelation0277,Abdullah,Mentioned,Person_431
Carte_Turche_766,PersonDocumentRelation0278,Bosna Defterdarı,Addressee,Person_538
Carte_Turche_777,PersonDocumentRelation0279,Ali Paşa,Mentioned,Person_500
Carte_Turche_782,PersonDocumentRelation0280,Alavize Korni,Mentioned,Person_472
Carte_Turche_785,PersonDocumentRelation0281,Adalar ağası,Addressee,Person_447
Carte_Turche_785,PersonDocumentRelation0282,Adalar Voyvoda,Addressee,Person_448
Carte_Turche_785,PersonDocumentRelation0283,Ali Paşa,Sender,Person_500
Carte_Turche_786,PersonDocumentRelation0284,Ahmed Paşa,Sender,Person_466
Carte_Turche_787,PersonDocumentRelation0285,Ahmed Paşa,Mentioned,Person_466
Carte_Turche_809,PersonDocumentRelation0286,Can Batista Donado,Mentioned,Person_542
Carte_Turche_809,PersonDocumentRelation0287,Haleb Kadısı,Addressee,Person_554
Carte_Turche_810,PersonDocumentRelation0288,Can Batista Donado,Mentioned,Person_542
Carte_Turche_811,PersonDocumentRelation0289,Can Batista Donado,Mentioned,Person_542
Carte_Turche_812,PersonDocumentRelation0290,Can Batista Donado,Mentioned,Person_542
Carte_Turche_813,PersonDocumentRelation0291,Can Batista Donado,Mentioned,Person_542
Carte_Turche_817,PersonDocumentRelation0292,Can Batista Donado,Mentioned,Person_542
Carte_Turche_819,PersonDocumentRelation0293,Can Batista Donado,Mentioned,Person_542
Carte_Turche_820,PersonDocumentRelation0294,Can Batista Donado,Mentioned,Person_542
Carte_Turche_821,PersonDocumentRelation0295,Can Batista Donado,Mentioned,Person_542
Carte_Turche_825,PersonDocumentRelation0296,Can Batista Donado,Mentioned,Person_542
Carte_Turche_826,PersonDocumentRelation0297,Can Batista Donado,Mentioned,Person_542
Carte_Turche_828,PersonDocumentRelation0298,Can Batista Donado,Mentioned,Person_542
Carte_Turche_829,PersonDocumentRelation0299,Can Batista Donado,Mentioned,Person_542
Carte_Turche_830,PersonDocumentRelation0300,Can Batista Donado,Mentioned,Person_542
Carte_Turche_831,PersonDocumentRelation0301,Sancakbeyi,Addressee,Person_404
Carte_Turche_831,PersonDocumentRelation0302,Avlonya Sancakbeyi,Addressee,Person_517
Carte_Turche_831,PersonDocumentRelation0303,Can Batista Donado,Mentioned,Person_542
Carte_Turche_832,PersonDocumentRelation0304,Can Batista Donado,Mentioned,Person_542
Carte_Turche_834,PersonDocumentRelation0305,Abdülati,Mentioned,Person_423
Carte_Turche_835,PersonDocumentRelation0306,Can Batista Donado,Mentioned,Person_542
Carte_Turche_836,PersonDocumentRelation0307,Can Batista Donado,Mentioned,Person_542
Carte_Turche_837,PersonDocumentRelation0308,Can Batista Donado,Mentioned,Person_542
Carte_Turche_838,PersonDocumentRelation0309,Can Batista Donado,Mentioned,Person_542
Carte_Turche_840,PersonDocumentRelation0310,Can Batista Donado,Mentioned,Person_542
Carte_Turche_841,PersonDocumentRelation0311,Can Batista Donado,Mentioned,Person_542
Carte_Turche_842,PersonDocumentRelation0312,Can Batista Donado,Undefined,Person_542
Carte_Turche_868,PersonDocumentRelation0313,Haleb Defterdarı,Addressee,Person_553
Carte_Turche_868,PersonDocumentRelation0314,Haleb Kadısı,Addressee,Person_554
Carte_Turche_882,PersonDocumentRelation0315,"Abdi Reis (Türk Abdi Reis), janissary",Mentioned,Person_403
Carte_Turche_884,PersonDocumentRelation0316,Haleb Defterdarı,Addressee,Person_553
Carte_Turche_887,PersonDocumentRelation0317,Abu al-Nasr (Abünnasır),Undefined,Person_444
Carte_Turche_896,PersonDocumentRelation0318,Anderya Rola,Mentioned,Person_506
Carte_Turche_898,PersonDocumentRelation0319,"Abdürrahim, kadı of Selanik",Undefined,Person_436
Carte_Turche_904,PersonDocumentRelation0320,Sakız Kadısı,Addressee,Person_490
Carte_Turche_913,PersonDocumentRelation0321,Delvine Kadısı,Addressee,Person_550
Carte_Turche_914,PersonDocumentRelation0322,Bosna Defterdarı,Addressee,Person_538
Carte_Turche_920,PersonDocumentRelation0323,"Abdürrahim, kadı of Selanik",Undefined,Person_436
Carte_Turche_921,PersonDocumentRelation0324,Ali Çavuş,Mentioned,Person_496
Carte_Turche_99,PersonDocumentRelation0325,Yusuf Ağa,Mentioned,Person_485
Copy_of_Documents-Zadar_14,PersonDocumentRelation0326,Atlagic,Undefined,Person_516
Copy_of_Documents-Zadar_20,PersonDocumentRelation0327,Atlagic,Author-issuer,Person_516
Copy_of_Documents-Zadar_29,PersonDocumentRelation0328,Atlagic,Author-issuer,Person_516
Copy_of_Documents-Zadar_32,PersonDocumentRelation0329,Atlagic,Author-issuer,Person_516
Copy_of_Documents-Zadar_34,PersonDocumentRelation0330,Atlagic,Author-issuer,Person_516
Copy_of_Documents-Zadar_44,PersonDocumentRelation0331,Ahmetovic,Author-issuer,Person_469
Copy_of_Documents-Zadar_55,PersonDocumentRelation0332,Atlagic,Author-issuer,Person_516
Copy_of_Documents-Zadar_66,PersonDocumentRelation0333,Atlagic,Author-issuer,Person_516
Copy_of_Documents-Zadar_70,PersonDocumentRelation0334,Atlagic,Author-issuer,Person_516
Copy_of_Documents-Zadar_75,PersonDocumentRelation0335,Ahmed-beg,Undefined,Person_467
Copy_of_Documents-Zadar_75,PersonDocumentRelation0336,Atlagic,Author-issuer,Person_516
Copy_of_Documents-Zadar_83,PersonDocumentRelation0337,Agostini,Author-issuer,Person_453
doc_dragoman_venetian_archive_002,PersonDocumentRelation0338,"Grillo, Ambrogio",Undefined,Person_194
doc_dragoman_venetian_archive_003,PersonDocumentRelation0339,"Fortis, Giacomo (I)",Undefined,Person_164
doc_dragoman_venetian_archive_005,PersonDocumentRelation0340,Gioveni,Undefined,Person_181
doc_dragoman_venetian_archive_005,PersonDocumentRelation0341,"Salvago, Steffano ",Undefined,Person_409
doc_dragoman_venetian_archive_005,PersonDocumentRelation0342,"Grillo, Gianesino ",Undefined,Person_410
doc_dragoman_venetian_archive_005,PersonDocumentRelation0343,"Borisi, Ambroso",Undefined,Person_411
doc_dragoman_venetian_archive_005,PersonDocumentRelation0344,"Salvago, Marc’Antonio",Undefined,Person_412
doc_dragoman_venetian_archive_005,PersonDocumentRelation0345,"Navon, Giuliano ",Undefined,Person_413
doc_dragoman_venetian_archive_005,PersonDocumentRelation0346,Tommso q. Pasqua Alberti,Undefined,Person_414
doc_dragoman_venetian_archive_005,PersonDocumentRelation0347,Girolamo [Nicolihi] “Raguseo”,Undefined,Person_415
doc_dragoman_venetian_archive_005,PersonDocumentRelation0348,Simon de Pietro,Undefined,Person_416
doc_dragoman_venetian_archive_006,PersonDocumentRelation0349,"Navon, Pasqual (I)",Undefined,Person_265
doc_dragoman_venetian_archive_007,PersonDocumentRelation0350,"Navon, Pasqual (I)",Undefined,Person_265
doc_dragoman_venetian_archive_008,PersonDocumentRelation0351,"Navon, Pasqual (I)",Undefined,Person_265
doc_dragoman_venetian_archive_009,PersonDocumentRelation0352,"Giuliano, Antonio ",Undefined,Person_417
doc_dragoman_venetian_archive_010,PersonDocumentRelation0353,"Borisi, Marc'antonio ",mentioned,Person_050
doc_dragoman_venetian_archive_011,PersonDocumentRelation0354,"Salvago, Mateca",Undefined,Person_317
doc_dragoman_venetian_archive_012,PersonDocumentRelation0355,"Salvago, Mateca",Undefined,Person_317
doc_dragoman_venetian_archive_013,PersonDocumentRelation0356,"Salvago, Zenesino",Undefined,Person_418
doc_dragoman_venetian_archive_014,PersonDocumentRelation0357,"Salvago, Gianesin (I)",Undefined,Person_312
doc_dragoman_venetian_archive_015,PersonDocumentRelation0358,"Salvago, Mateca",Undefined,Person_317
doc_dragoman_venetian_archive_016,PersonDocumentRelation0359,"Salvago, Zenesino",Undefined,Person_418
doc_dragoman_venetian_archive_017,PersonDocumentRelation0360,"Salvago, Zenesino",Undefined,Person_418
doc_dragoman_venetian_archive_018,PersonDocumentRelation0361,Ibrahim Bei,Undefined,Person_419
doc_dragoman_venetian_archive_020,PersonDocumentRelation0362,"Abendana, Beniamin",Undefined,Person_441
doc_dragoman_venetian_archive_021,PersonDocumentRelation0363,"Aggiondrite, Zuanne",Undefined,Person_004
doc_dragoman_venetian_archive_023,PersonDocumentRelation0364,"Alberti, Girolamo",Undefined,Person_006
doc_dragoman_venetian_archive_024,PersonDocumentRelation0365,"Alberti, Girolamo",Undefined,Person_006
doc_dragoman_venetian_archive_025,PersonDocumentRelation0366,"Alberti, Girolamo",Undefined,Person_006
doc_dragoman_venetian_archive_026,PersonDocumentRelation0367,"Alberti, Girolamo",Undefined,Person_006
doc_dragoman_venetian_archive_026,PersonDocumentRelation0368,"Nores, Giacomo de",Undefined,Person_273
doc_dragoman_venetian_archive_027,PersonDocumentRelation0369,"Alberti, Girolamo",Translator,Person_006
doc_dragoman_venetian_archive_028,PersonDocumentRelation0370,"Alberti, Girolamo",Undefined,Person_006
doc_dragoman_venetian_archive_029,PersonDocumentRelation0371,"Alessandri, Vicenzo",Undefined,Person_480
doc_dragoman_venetian_archive_030,PersonDocumentRelation0372,"Alessandri, Vicenzo",Undefined,Person_480
doc_dragoman_venetian_archive_030,PersonDocumentRelation0373,"Fontana, Lodovico",Undefined,Person_161
doc_dragoman_venetian_archive_031,PersonDocumentRelation0374,"Alessandri, Vicenzo",Undefined,Person_480
doc_dragoman_venetian_archive_031,PersonDocumentRelation0375,"Marucini, Mattio",Undefined,Person_481
doc_dragoman_venetian_archive_033,PersonDocumentRelation0376,"Ambrosio, Filippo de",Undefined,Person_009
doc_dragoman_venetian_archive_035,PersonDocumentRelation0377,"Armadani, Manoli",Undefined,Person_013
doc_dragoman_venetian_archive_036,PersonDocumentRelation0378,"Fortis, Pietro",Mentioned,Person_166
doc_dragoman_venetian_archive_050,PersonDocumentRelation0379,"Armeno, Zorzi",Undefined,Person_515
doc_dragoman_venetian_archive_051,PersonDocumentRelation0380,"Armeno, Zorzi",Undefined,Person_515
doc_dragoman_venetian_archive_052,PersonDocumentRelation0381,"Armeno, Zorzi",Undefined,Person_515
doc_dragoman_venetian_archive_054,PersonDocumentRelation0382,"Ballarino, Giovanni Battista",Undefined,Person_520
doc_dragoman_venetian_archive_055,PersonDocumentRelation0383,"Balsarini, Carlo",Undefined,Person_020
doc_dragoman_venetian_archive_056,PersonDocumentRelation0384,"Balsarini, Carlo",Undefined,Person_020
doc_dragoman_venetian_archive_058,PersonDocumentRelation0385,"Balsarini, Giacomo",Undefined,Person_022
doc_dragoman_venetian_archive_063,PersonDocumentRelation0386,"Bon, Andrea",Undefined,Person_037
doc_dragoman_venetian_archive_064,PersonDocumentRelation0387,"Bon, Andrea",Undefined,Person_037
doc_dragoman_venetian_archive_065,PersonDocumentRelation0388,"Bon, Andrea",Undefined,Person_037
doc_dragoman_venetian_archive_066,PersonDocumentRelation0389,"Bon, Andrea",Undefined,Person_037
doc_dragoman_venetian_archive_067,PersonDocumentRelation0390,"Bon, Andrea",Undefined,Person_037
doc_dragoman_venetian_archive_068,PersonDocumentRelation0391,"Bon, Andrea",Undefined,Person_037
doc_dragoman_venetian_archive_069,PersonDocumentRelation0392,"Bon, Andrea",Undefined,Person_037
doc_dragoman_venetian_archive_070,PersonDocumentRelation0393,"Bon, Andrea",Undefined,Person_037
doc_dragoman_venetian_archive_071,PersonDocumentRelation0394,"Bon, Andrea",Undefined,Person_037
doc_dragoman_venetian_archive_072,PersonDocumentRelation0395,"Bon, Andrea",Undefined,Person_037
doc_dragoman_venetian_archive_073,PersonDocumentRelation0396,"Bon, Andrea",Undefined,Person_037
doc_dragoman_venetian_archive_074,PersonDocumentRelation0397,"Bon, Andrea",Undefined,Person_037
doc_dragoman_venetian_archive_075,PersonDocumentRelation0398,"Bon, Andrea",Undefined,Person_037
doc_dragoman_venetian_archive_078,PersonDocumentRelation0399,"Borisi, Francesco",Undefined,Person_047
doc_dragoman_venetian_archive_079,PersonDocumentRelation0400,"Borisi, Marc'antonio ",Undefined,Person_050
doc_dragoman_venetian_archive_080,PersonDocumentRelation0401,"Borisi, Marc'Antonio",Undefined,Person_050
doc_dragoman_venetian_archive_081,PersonDocumentRelation0402,"Borisi, Marc'antonio ",Undefined,Person_050
doc_dragoman_venetian_archive_082,PersonDocumentRelation0403,"Borisi, Marc'antonio ",Undefined,Person_050
doc_dragoman_venetian_archive_083,PersonDocumentRelation0404,"Borisi, Marc' Antonio",Undefined,Person_050
doc_dragoman_venetian_archive_084,PersonDocumentRelation0405,"Borisi, Marc'Antonio",Undefined,Person_050
doc_dragoman_venetian_archive_084,PersonDocumentRelation0406,"Nores, Giacomo de",Undefined,Person_273
doc_dragoman_venetian_archive_085,PersonDocumentRelation0407,"Borisi, Marc'antonio ",Undefined,Person_050
doc_dragoman_venetian_archive_086,PersonDocumentRelation0408,"Borisi, Marc'Antonio",Undefined,Person_050
doc_dragoman_venetian_archive_086,PersonDocumentRelation0409,"Pietro Alberti, Girolamo",Undefined,Person_537
doc_dragoman_venetian_archive_087,PersonDocumentRelation0410,"Borisi, Pietro",Undefined,Person_054
doc_dragoman_venetian_archive_088,PersonDocumentRelation0411,"Borisi, Pietro",Undefined,Person_054
doc_dragoman_venetian_archive_092,PersonDocumentRelation0412,"Britanico, Zuane",Undefined,Person_062
doc_dragoman_venetian_archive_093,PersonDocumentRelation0413,"Brutti, Christoforo (I)",Undefined,Person_071
doc_dragoman_venetian_archive_094,PersonDocumentRelation0414,"Brutti, Barnabà [Bernardo]",Undefined,Person_065
doc_dragoman_venetian_archive_095,PersonDocumentRelation0415,"Brutti, Barnabà [Bernardo]",Undefined,Person_065
doc_dragoman_venetian_archive_096,PersonDocumentRelation0416,"Brutti, Bartolomeo (I)",Undefined,Person_066
doc_dragoman_venetian_archive_097,PersonDocumentRelation0417,"Brutti, Barnabà [Bernardo]",Undefined,Person_065
doc_dragoman_venetian_archive_098,PersonDocumentRelation0418,"Brutti, Barnabà [Bernardo]",Undefined,Person_065
doc_dragoman_venetian_archive_099,PersonDocumentRelation0419,"Brutti, Bartolomeo (I)",Undefined,Person_066
doc_dragoman_venetian_archive_100,PersonDocumentRelation0420,"Brutti, Bartolomeo (III)",Undefined,Person_068
doc_dragoman_venetian_archive_101,PersonDocumentRelation0421,"Alessandri, Vicenzo",Mentioned,Person_480
doc_dragoman_venetian_archive_101,PersonDocumentRelation0422,"Brutti, Christoforo (I)",Undefined,Person_071
doc_dragoman_venetian_archive_102,PersonDocumentRelation0423,"Brutti, Christoforo (I)",Undefined,Person_071
doc_dragoman_venetian_archive_103,PersonDocumentRelation0424,"Brutti, Christoforo (I)",Undefined,Person_071
doc_dragoman_venetian_archive_104,PersonDocumentRelation0425,"Brutti, Christoforo (I)",Undefined,Person_071
doc_dragoman_venetian_archive_105,PersonDocumentRelation0426,"Brutti, Christoforo (I)",Undefined,Person_071
doc_dragoman_venetian_archive_106,PersonDocumentRelation0427,"Brutti, Christoforo (I)",Undefined,Person_071
doc_dragoman_venetian_archive_107,PersonDocumentRelation0428,"Brutti, Christoforo (I)",Undefined,Person_071
doc_dragoman_venetian_archive_108,PersonDocumentRelation0429,"Brutti, Christoforo (I)",Undefined,Person_071
doc_dragoman_venetian_archive_109,PersonDocumentRelation0430,"Brutti, Christoforo (I)",Undefined,Person_071
doc_dragoman_venetian_archive_110,PersonDocumentRelation0431,"Brutti, Christoforo (I)",Undefined,Person_071
doc_dragoman_venetian_archive_111,PersonDocumentRelation0432,"Brutti, Christoforo (I)",Undefined,Person_071
doc_dragoman_venetian_archive_112,PersonDocumentRelation0433,"Brutti, Christoforo (I)",Undefined,Person_071
doc_dragoman_venetian_archive_113,PersonDocumentRelation0434,"Armeno, Giovani Molino",Mentioned,Person_405
doc_dragoman_venetian_archive_113,PersonDocumentRelation0435,"Brutti, Christoforo (I)",Undefined,Person_071
doc_dragoman_venetian_archive_114,PersonDocumentRelation0436,"Brutti, Christoforo (I)",Undefined,Person_071
doc_dragoman_venetian_archive_115,PersonDocumentRelation0437,"Brutti, Christoforo (I)",Undefined,Person_071
doc_dragoman_venetian_archive_120,PersonDocumentRelation0438,"Fortis, Giacomo (I)",mentioned,Person_165
doc_dragoman_venetian_archive_120,PersonDocumentRelation0439,"Fortis, Pietro",Undefined,Person_166
doc_dragoman_venetian_archive_122,PersonDocumentRelation0440,"Cavazza, Gabriel",Undefined,Person_544
doc_dragoman_venetian_archive_123,PersonDocumentRelation0441,"Cavazza, Gabriel",Undefined,Person_544
doc_dragoman_venetian_archive_125,PersonDocumentRelation0442,"Civran, Girolamo",Undefined,Person_098
doc_dragoman_venetian_archive_126,PersonDocumentRelation0443,"Civran, Girolamo",Undefined,Person_098
doc_dragoman_venetian_archive_127,PersonDocumentRelation0444,"Civran, Girolamo",Undefined,Person_098
doc_dragoman_venetian_archive_128,PersonDocumentRelation0445,"Civran, Girolamo",Undefined,Person_098
doc_dragoman_venetian_archive_129,PersonDocumentRelation0446,"Civran, Girolamo",Undefined,Person_098
doc_dragoman_venetian_archive_130,PersonDocumentRelation0447,"Civran, Girolamo",Undefined,Person_098
doc_dragoman_venetian_archive_131,PersonDocumentRelation0448,"Civran, Girolamo",Undefined,Person_098
doc_dragoman_venetian_archive_132,PersonDocumentRelation0449,"Civran, Girolamo",Undefined,Person_098
doc_dragoman_venetian_archive_133,PersonDocumentRelation0450,"Civran, Girolamo",Undefined,Person_098
doc_dragoman_venetian_archive_134,PersonDocumentRelation0451,"Scaramelli, Francesco",mentioned,Person_320
doc_dragoman_venetian_archive_138,PersonDocumentRelation0452,"Corel, Giovanni Battista",Undefined,Person_549
doc_dragoman_venetian_archive_139,PersonDocumentRelation0453,Adamo da Corfù Vassilli dalla Parga,Undefined,Person_449
doc_dragoman_venetian_archive_149,PersonDocumentRelation0454,"Salvago, Gio: Battista",mentioned,Person_314
doc_dragoman_venetian_archive_154,PersonDocumentRelation0455,"Emanuel, Filippo",Undefined,Person_149
doc_dragoman_venetian_archive_155,PersonDocumentRelation0456,"Emanuel, Filippo",Undefined,Person_149
doc_dragoman_venetian_archive_156,PersonDocumentRelation0457,"Emanuel, Filippo",Undefined,Person_149
doc_dragoman_venetian_archive_158,PersonDocumentRelation0458,"Grillo, Ambrogio",mentioned,Person_194
doc_dragoman_venetian_archive_162,PersonDocumentRelation0459,"Fortis, Alvise",Undefined,Person_163
doc_dragoman_venetian_archive_163,PersonDocumentRelation0460,"Fortis, Giacomo (I)",Undefined,Person_165
doc_dragoman_venetian_archive_164,PersonDocumentRelation0461,"Fortis, Giacomo (I)",Undefined,Person_165
doc_dragoman_venetian_archive_165,PersonDocumentRelation0462,"Fortis, Giacomo (I)",Undefined,Person_165
doc_dragoman_venetian_archive_166,PersonDocumentRelation0463,"Fortis, Giacomo (I)",Undefined,Person_165
doc_dragoman_venetian_archive_166,PersonDocumentRelation0464,"Armeno, Antonio Bagos",Undefined,Person_483
doc_dragoman_venetian_archive_167,PersonDocumentRelation0465,"Fortis, Giacomo (I)",Undefined,Person_165
doc_dragoman_venetian_archive_168,PersonDocumentRelation0466,"Fortis, Pietro",Undefined,Person_166
doc_dragoman_venetian_archive_169,PersonDocumentRelation0467,"Fortis, Pietro",Undefined,Person_166
doc_dragoman_venetian_archive_170,PersonDocumentRelation0468,"Fortis, Pietro",Undefined,Person_166
doc_dragoman_venetian_archive_170,PersonDocumentRelation0469,"Scaramelli, Francesco",mentioned,Person_320
doc_dragoman_venetian_archive_171,PersonDocumentRelation0470,"Alessandri, Vicenzo",Mentioned,Person_480
doc_dragoman_venetian_archive_171,PersonDocumentRelation0471,"Fortis, Pietro",Undefined,Person_166
doc_dragoman_venetian_archive_172,PersonDocumentRelation0472,"Fortis, Pietro",Undefined,Person_166
doc_dragoman_venetian_archive_173,PersonDocumentRelation0473,"Fortis, Pietro",Undefined,Person_166
doc_dragoman_venetian_archive_174,PersonDocumentRelation0474,"Fortis, Pietro",Undefined,Person_166
doc_dragoman_venetian_archive_175,PersonDocumentRelation0475,"Fortis, Pietro",Undefined,Person_166
doc_dragoman_venetian_archive_175,PersonDocumentRelation0476,"Scaramelli, Francesco",mentioned,Person_320
doc_dragoman_venetian_archive_176,PersonDocumentRelation0477,"Fortis, Pietro",Undefined,Person_166
doc_dragoman_venetian_archive_177,PersonDocumentRelation0478,"Fortis, Pietro",Undefined,Person_066
doc_dragoman_venetian_archive_178,PersonDocumentRelation0479,"Fortis, Pietro",Undefined,Person_166
doc_dragoman_venetian_archive_179,PersonDocumentRelation0480,"Fortis, Pietro",Undefined,Person_166
doc_dragoman_venetian_archive_180,PersonDocumentRelation0481,"Fortis, Pietro",Undefined,Person_166
doc_dragoman_venetian_archive_180,PersonDocumentRelation0482,"Scaramelli, Francesco",mentioned,Person_320
doc_dragoman_venetian_archive_181,PersonDocumentRelation0483,"Fortis, Pietro",Undefined,Person_166
doc_dragoman_venetian_archive_182,PersonDocumentRelation0484,"Fortis, Pietro",Undefined,Person_166
doc_dragoman_venetian_archive_183,PersonDocumentRelation0485,"Fortis, Pietro",Undefined,Person_166
doc_dragoman_venetian_archive_184,PersonDocumentRelation0486,"Fortis, Pietro",Undefined,Person_166
doc_dragoman_venetian_archive_185,PersonDocumentRelation0487,"Fortis, Pietro",Undefined,Person_166
doc_dragoman_venetian_archive_186,PersonDocumentRelation0488,"Fortis, Pietro",Undefined,Person_166
doc_dragoman_venetian_archive_187,PersonDocumentRelation0489,"Fortis, Pietro",Undefined,Person_166
doc_dragoman_venetian_archive_188,PersonDocumentRelation0490,"Fortis, Pietro",Undefined,Person_166
doc_dragoman_venetian_archive_194,PersonDocumentRelation0491,"Scassi, Marco di",mentioned,Person_322
doc_dragoman_venetian_archive_199,PersonDocumentRelation0492,"Grillo, Ambrogio",Undefined,Person_194
doc_dragoman_venetian_archive_199,PersonDocumentRelation0493,"Scassi, Marco di",mentioned,Person_322
doc_dragoman_venetian_archive_200,PersonDocumentRelation0494,"Grillo, Ambrogio",Undefined,Person_194
doc_dragoman_venetian_archive_201,PersonDocumentRelation0495,"Grillo, Ambrogio",Undefined,Person_194
doc_dragoman_venetian_archive_202,PersonDocumentRelation0496,"Grillo, Ambrogio",Undefined,Person_194
doc_dragoman_venetian_archive_203,PersonDocumentRelation0497,"Grillo, Ambrogio",Undefined,Person_194
doc_dragoman_venetian_archive_204,PersonDocumentRelation0498,"Grillo, Ambrogio",Undefined,Person_194
doc_dragoman_venetian_archive_205,PersonDocumentRelation0499,"Grillo, Ambrogio",Undefined,Person_194
doc_dragoman_venetian_archive_206,PersonDocumentRelation0500,"Grillo, Ambrogio",Undefined,Person_194
doc_dragoman_venetian_archive_207,PersonDocumentRelation0501,"Grillo, Ambrogio",Undefined,Person_194
doc_dragoman_venetian_archive_208,PersonDocumentRelation0502,"Grillo, Ambrogio",Undefined,Person_194
doc_dragoman_venetian_archive_209,PersonDocumentRelation0503,"Grillo, Battistina",Undefined,Person_197
doc_dragoman_venetian_archive_211,PersonDocumentRelation0504,"Grillo, Giovanni Antonio",Undefined,Person_201
doc_dragoman_venetian_archive_213,PersonDocumentRelation0505,"Grillo, Ambrogio",Undefined,Person_194
doc_dragoman_venetian_archive_214,PersonDocumentRelation0506,"Borisi, Marc'antonio ",mentioned,Person_050
doc_dragoman_venetian_archive_214,PersonDocumentRelation0507,"Grillo, Giovanni Antonio",Undefined,Person_201
doc_dragoman_venetian_archive_216,PersonDocumentRelation0508,"Grillo, Ambrogio",Undefined,Person_194
doc_dragoman_venetian_archive_218,PersonDocumentRelation0509,"Grillo, Ambrogio",Undefined,Person_194
doc_dragoman_venetian_archive_219,PersonDocumentRelation0510,"Grillo, Ambrogio",Undefined,Person_194
doc_dragoman_venetian_archive_221,PersonDocumentRelation0511,"Grillo, Ambrogio",Undefined,Person_194
doc_dragoman_venetian_archive_224,PersonDocumentRelation0512,"Salvago, Gio: Battista",mentioned,Person_314
doc_dragoman_venetian_archive_268,PersonDocumentRelation0513,"Salvago, Gio: Battista",mentioned,Person_314
doc_dragoman_venetian_archive_282,PersonDocumentRelation0514,"Borisi, Marc' Antonio",mentioned,Person_050
doc_dragoman_venetian_archive_283,PersonDocumentRelation0515,"Borisi, Marc' Antonio",mentioned,Person_050
doc_dragoman_venetian_archive_288,PersonDocumentRelation0516,Mehmet Bei,Mentioned,Person_420
doc_dragoman_venetian_archive_315,PersonDocumentRelation0517,"Grillo, Ambrogio",mentioned,Person_194
doc_dragoman_venetian_archive_325,PersonDocumentRelation0518,"Armadani, Manoli",mentioned,Person_013
doc_dragoman_venetian_archive_327,PersonDocumentRelation0519,"Fortis, Alvise",mentioned,Person_163
doc_dragoman_venetian_archive_333,PersonDocumentRelation0520,"Salvago, Gianesin (I)",Undefined,Person_312
doc_dragoman_venetian_archive_334,PersonDocumentRelation0521,"Salvago, Giuliano",Undefined,Person_316
doc_dragoman_venetian_archive_335,PersonDocumentRelation0522,"Salvago, Gianesin (I)",Undefined,Person_312
doc_dragoman_venetian_archive_336,PersonDocumentRelation0523,"Salvago, Gianesin (I)",Undefined,Person_312
doc_dragoman_venetian_archive_337,PersonDocumentRelation0524,"Salvago, Gianesin (I)",Undefined,Person_312
doc_dragoman_venetian_archive_338,PersonDocumentRelation0525,"Salvago, Giuliano",Undefined,Person_316
doc_dragoman_venetian_archive_339,PersonDocumentRelation0526,"Salvago, Gianesin (I)",Undefined,Person_312
doc_dragoman_venetian_archive_342,PersonDocumentRelation0527,"Salvago, Giovan",Undefined,Person_487
doc_dragoman_venetian_archive_343,PersonDocumentRelation0528,"Salvago, Gio: Battista",Undefined,Person_314
doc_dragoman_venetian_archive_344,PersonDocumentRelation0529,"Salvago, Gio: Battista",Undefined,Person_314
doc_dragoman_venetian_archive_345,PersonDocumentRelation0530,"Salvago, Gio: Battista",Undefined,Person_314
doc_dragoman_venetian_archive_346,PersonDocumentRelation0531,"Salvago, Gio: Battista",Undefined,Person_314
doc_dragoman_venetian_archive_347,PersonDocumentRelation0532,"Salvago, Gio: Battista",Undefined,Person_314
doc_dragoman_venetian_archive_348,PersonDocumentRelation0533,"Salvago, Gio: Battista",Undefined,Person_314
doc_dragoman_venetian_archive_349,PersonDocumentRelation0534,"Salvago, Gio: Battista",Undefined,Person_314
doc_dragoman_venetian_archive_350,PersonDocumentRelation0535,"Salvago, Gio: Battista",Undefined,Person_314
doc_dragoman_venetian_archive_351,PersonDocumentRelation0536,"Salvago, Gio: Battista",Undefined,Person_314
doc_dragoman_venetian_archive_352,PersonDocumentRelation0537,"Salvago, Gio: Battista",Undefined,Person_314
doc_dragoman_venetian_archive_353,PersonDocumentRelation0538,"Salvago, Gio: Battista",Undefined,Person_314
doc_dragoman_venetian_archive_356,PersonDocumentRelation0539,"Salvago, Gio: Battista",Undefined,Person_314
doc_dragoman_venetian_archive_357,PersonDocumentRelation0540,"Salvago, Gio: Battista",Undefined,Person_314
doc_dragoman_venetian_archive_358,PersonDocumentRelation0541,"Salvago, Gio: Battista",Undefined,Person_314
doc_dragoman_venetian_archive_359,PersonDocumentRelation0542,"Salvago, Gio: Battista",Undefined,Person_314
doc_dragoman_venetian_archive_365,PersonDocumentRelation0543,"Salvago, Zanesin",Undefined,Person_486
doc_dragoman_venetian_archive_366,PersonDocumentRelation0544,"Salvago, Zanesin",Undefined,Person_486
doc_dragoman_venetian_archive_367,PersonDocumentRelation0545,"Salvago, Zanesin",Undefined,Person_486
doc_dragoman_venetian_archive_368,PersonDocumentRelation0546,"Salvago, Zanesin",Undefined,Person_486
doc_dragoman_venetian_archive_369,PersonDocumentRelation0547,"Salvago, Zanesin",Undefined,Person_486
doc_dragoman_venetian_archive_370,PersonDocumentRelation0548,"Salvago, Zanesin",Undefined,Person_486
doc_dragoman_venetian_archive_379,PersonDocumentRelation0549,"Scaramelli, Francesco",Undefined,Person_320
doc_dragoman_venetian_archive_380,PersonDocumentRelation0550,"Scaramelli, Francesco",Undefined,Person_320
doc_dragoman_venetian_archive_381,PersonDocumentRelation0551,"Scaramelli, Francesco",Undefined,Person_320
doc_dragoman_venetian_archive_382,PersonDocumentRelation0552,"Scaramelli, Francesco",Undefined,Person_320
doc_dragoman_venetian_archive_383,PersonDocumentRelation0553,"Scaramelli, Francesco",Undefined,Person_320
doc_dragoman_venetian_archive_384,PersonDocumentRelation0554,"Scaramelli, Francesco",Undefined,Person_320
doc_dragoman_venetian_archive_386,PersonDocumentRelation0555,"Scassi, Marco di",Undefined,Person_322
doc_dragoman_venetian_archive_387,PersonDocumentRelation0556,"Scassi, Marco di",Undefined,Person_322
doc_dragoman_venetian_archive_388,PersonDocumentRelation0557,"Barbarigo, Nicolò",mentioned,Person_025
doc_dragoman_venetian_archive_388,PersonDocumentRelation0558,"Scassi, Marco di",Undefined,Person_322
doc_dragoman_venetian_archive_389,PersonDocumentRelation0559,"Scassi, Marco di",Undefined,Person_322
doc_dragoman_venetian_archive_390,PersonDocumentRelation0560,"Scassi, Marco di",Undefined,Person_322
doc_dragoman_venetian_archive_391,PersonDocumentRelation0561,"Grillo, Ambrogio",mentioned,Person_194
doc_dragoman_venetian_archive_391,PersonDocumentRelation0562,"Scassi, Marco di",Undefined,Person_322
doc_dragoman_venetian_archive_392,PersonDocumentRelation0563,"Scassi, Marco di",Undefined,Person_322
doc_dragoman_venetian_archive_398,PersonDocumentRelation0564,"Spinelli, Marchiò",Undefined,Person_329
doc_dragoman_venetian_archive_399,PersonDocumentRelation0565,"Spinelli, Marchiò",Undefined,Person_329
doc_dragoman_venetian_archive_400,PersonDocumentRelation0566,"Agudi, Hieronimo",Mentioned,Person_454
doc_dragoman_venetian_archive_400,PersonDocumentRelation0567,"Spinelli, Marchiò",Undefined,Person_329
doc_dragoman_venetian_archive_410,PersonDocumentRelation0568,"Grillo, Ambrogio",mentioned,Person_194
doc_dragoman_venetian_archive_414,PersonDocumentRelation0569,Bostangi Bassi,Mentioned,Person_421
doc_dragoman_venetian_archive_418,PersonDocumentRelation0570,"Grillo, Ambrogio",mentioned,Person_194
doc_dragoman_venetian_archive_424,PersonDocumentRelation0571,"Grillo, Ambrogio",mentioned,Person_194
doc_dragoman_venetian_archive_435,PersonDocumentRelation0572,"Allesandri, Angelo",mentioned,Person_501
doc_italian_001,PersonDocumentRelation0573,Bassà della Bossina,Recipient,Person_525
doc_italian_001,PersonDocumentRelation0574,"Borisi, Marc'antonio",translator,Person_050
doc_italian_002,PersonDocumentRelation0575,Bassà della Bossina,Recipient,Person_525
doc_italian_002,PersonDocumentRelation0576,"Borisi, Marc'antonio",translator,Person_050
doc_italian_003,PersonDocumentRelation0577,Bassà della Bossina,Recipient,Person_525
doc_italian_003,PersonDocumentRelation0578,"Borisi, Marc'antonio",translator,Person_050
doc_italian_004,PersonDocumentRelation0579,"Borisi, Marc'antonio",translator,Person_050
doc_italian_006,PersonDocumentRelation0580,"Borisi, Marc'antonio",translator,Person_050
doc_italian_007,PersonDocumentRelation0581,Beglierbei di Aleppo,Recipient,Person_530
doc_italian_007,PersonDocumentRelation0582,Cadi di Aleppo,Recipient,Person_539
doc_italian_008,PersonDocumentRelation0583,"Borisi, Marc'antonio",translator,Person_050
doc_italian_009,PersonDocumentRelation0584,"Salvago, Giovan",translator,Person_487
doc_italian_011,PersonDocumentRelation0585,"Borisi, Marc'antonio",translator,Person_050
doc_italian_012,PersonDocumentRelation0586,"Borisi, Marc'antonio",translator,Person_050
doc_italian_013,PersonDocumentRelation0587,Cadi di Tripoli,Recipient,Person_540
doc_italian_014,PersonDocumentRelation0588,Beglierbei di Aleppo,Recipient,Person_530
doc_italian_014,PersonDocumentRelation0589,Cadi di Aleppo,Recipient,Person_539
doc_italian_015,PersonDocumentRelation0590,Cadi di Tripoli,Recipient,Person_540
doc_italian_016,PersonDocumentRelation0591,"Acmat, Seid",Mentioned,Person_446
doc_italian_016,PersonDocumentRelation0592,"Bassa, Suliman",mentioned,Person_526
doc_italian_016,PersonDocumentRelation0593,Beglierbei di Aleppo,Recipient,Person_530
doc_italian_016,PersonDocumentRelation0594,Cadi di Aleppo,Recipient,Person_539
doc_italian_017,PersonDocumentRelation0595,Beglierbei di Aleppo,Recipient,Person_530
doc_italian_017,PersonDocumentRelation0596,Cadi di Aleppo,Recipient,Person_539
doc_italian_018,PersonDocumentRelation0597,"Bassa, Suliman",mentioned,Person_526
doc_italian_018,PersonDocumentRelation0598,Beglierbei di Aleppo,Recipient,Person_530
doc_italian_018,PersonDocumentRelation0599,Cadi di Aleppo,Recipient,Person_539
doc_italian_020,PersonDocumentRelation0600,Beglierbei di Aleppo,Recipient,Person_530
doc_italian_020,PersonDocumentRelation0601,"Borisi, Marc'antonio",translator,Person_050
doc_italian_020,PersonDocumentRelation0602,Cadi di Aleppo,Recipient,Person_539
doc_italian_021,PersonDocumentRelation0603,"Alberti, Girolamo",Translator,Person_006
doc_italian_022,PersonDocumentRelation0604,"Acmat, Seid",Mentioned,Person_446
doc_italian_022,PersonDocumentRelation0605,Beglierbei di Aleppo,mentioned,Person_530
doc_italian_024,PersonDocumentRelation0606,"Borisi, Marc'antonio",translator,Person_050
doc_italian_025,PersonDocumentRelation0607,"Borisi, Marc'antonio",translator,Person_050
doc_italian_026,PersonDocumentRelation0608,"Acmat, Seid",Mentioned,Person_446
doc_italian_026,PersonDocumentRelation0609,"Bassa, Suliman",mentioned,Person_526
doc_italian_026,PersonDocumentRelation0610,Beglierbei di Aleppo,mentioned,Person_530
doc_italian_026,PersonDocumentRelation0611,Cadi di Tripoli,Recipient,Person_540
doc_italian_027,PersonDocumentRelation0612,Beglierbei di Aleppo,mentioned,Person_530
doc_italian_027,PersonDocumentRelation0613,Cadi di Aleppo,mentioned,Person_539
doc_italian_027,PersonDocumentRelation0614,Cadi di Tripoli,Recipient,Person_540
doc_italian_029,PersonDocumentRelation0615,Cadi di Tripoli,Recipient,Person_540
doc_italian_033,PersonDocumentRelation0616,Bassa' Caimecam,Recipient,Person_527
doc_italian_033,PersonDocumentRelation0617,Bassa’ di Bossina,Recipient,Person_528
doc_italian_033,PersonDocumentRelation0618,"Salvago, Gio: Battista",translator,Person_314
doc_italian_034,PersonDocumentRelation0619,"Salvago, Gio: Battista",translator,Person_314
doc_italian_035,PersonDocumentRelation0620,"Damiani, Paolo",mentioned,Person_126
doc_italian_035,PersonDocumentRelation0621,"Grillo, Giovanni Antonio",translator,Person_201
doc_italian_036,PersonDocumentRelation0622,Bassa’ di Bossina,Recipient,Person_528
doc_italian_036,PersonDocumentRelation0623,"Salvago, Gio: Battista",translator,Person_314
doc_italian_037,PersonDocumentRelation0624,"Grillo, Giovanni Antonio",translator,Person_201
doc_italian_038,PersonDocumentRelation0625,"Brutti, Christoforo (I)",translator,Person_071
doc_italian_039,PersonDocumentRelation0626,"Grillo, Giovanni Antonio",translator,Person_201
doc_italian_041,PersonDocumentRelation0627,Bassa' Caimecam,mentioned,Person_527
doc_italian_041,PersonDocumentRelation0628,Bassa’ di Bossina,Recipient,Person_528
doc_italian_041,PersonDocumentRelation0629,"Salvago, Gio: Battista",translator,Person_314
doc_italian_042,PersonDocumentRelation0630,Abdulrachman Effendi,Recipient,Person_435
doc_italian_042,PersonDocumentRelation0631,"Grillo, Giovanni Antonio",translator,Person_201
doc_italian_043,PersonDocumentRelation0632,"Borisi, Bernardo",mentioned,Person_044
doc_italian_043,PersonDocumentRelation0633,"Borisi, Marc'antonio",mentioned,Person_050
doc_italian_043,PersonDocumentRelation0634,"Brutti, Christoforo (I)",translator,Person_071
doc_italian_044,PersonDocumentRelation0635,Achmat Bassà di Abdulla,Mentioned,Person_445
doc_italian_045,PersonDocumentRelation0636,"Bonaventura, Giovanni",Recipient,Person_536
doc_italian_045,PersonDocumentRelation0637,"Borisi, Marc'antonio",Recipient,Person_050
doc_italian_047,PersonDocumentRelation0638,"Brutti, Christoforo (I)",translator,Person_071
doc_italian_048,PersonDocumentRelation0639,"Brutti, Christoforo (I)",mentioned,Person_071
doc_italian_048,PersonDocumentRelation0640,"Brutti, Christoforo (I)",translator,Person_071
doc_italian_049,PersonDocumentRelation0641,"Brutti, Christoforo (I)",translator,Person_071
doc_italian_050,PersonDocumentRelation0642,"Brutti, Christoforo (I)",translator,Person_071
doc_italian_051,PersonDocumentRelation0643,"Brutti, Christoforo (I)",translator,Person_071
doc_italian_052,PersonDocumentRelation0644,"Brutti, Christoforo (I)",translator,Person_071
doc_italian_053,PersonDocumentRelation0645,"Borisi, Marc'antonio",translator,Person_050
doc_italian_054,PersonDocumentRelation0646,Ahmet Passà,Recipient,Person_468
doc_italian_055,PersonDocumentRelation0647,"Brutti, Bartolomeo (I)",translator,Person_066
doc_italian_062,PersonDocumentRelation0648,"Brutti, Christoforo (I)",translator,Person_071
doc_italian_064,PersonDocumentRelation0649,"Grillo, Ambrogio",translator,Person_194
doc_italian_065,PersonDocumentRelation0650,Abdulla Cadi della Città di Famagosta,Recipient,Person_430
doc_italian_068,PersonDocumentRelation0651,Antonio Santonini,mentioned,Person_513
doc_italian_068,PersonDocumentRelation0652,Baltasar Sovan,mentioned,Person_521
doc_italian_070,PersonDocumentRelation0653,"Brutti, Bartolomeo (I)",translator,Person_066
doc_italian_071,PersonDocumentRelation0654,Aidin Aga Mubassir,Mentioned,Person_470
doc_italian_071,PersonDocumentRelation0655,Ali Califè,mentioned,Person_495
doc_italian_076,PersonDocumentRelation0656,"Salvago, Giovan",translator,Person_487
doc_italian_077,PersonDocumentRelation0657,"Salvago, Giovan",translator,Person_487
doc_italian_078,PersonDocumentRelation0658,"Borisi, Marc'antonio",translator,Person_050
doc_italian_079,PersonDocumentRelation0659,"Borisi, Marc'antonio",Translator,Person_050
doc_italian_080,PersonDocumentRelation0660,"Borisi, Marc'antonio",translator,Person_050
doc_italian_081,PersonDocumentRelation0661,"Salvago, Giovan",translator,Person_487
doc_italian_082,PersonDocumentRelation0662,"Alberti, Girolamo",Translator,Person_006
doc_italian_083,PersonDocumentRelation0663,"Borisi, Marc'antonio",translator,Person_050
doc_italian_084,PersonDocumentRelation0664,"Alberti, Girolamo",Translator,Person_006
doc_italian_089,PersonDocumentRelation0665,"Salvago, Giovan",translator,Person_487
doc_italian_091,PersonDocumentRelation0666,"Salvago, Giovan",translator,Person_487
doc_italian_094,PersonDocumentRelation0667,"Salvago, Giovan",translator,Person_487
doc_italian_095,PersonDocumentRelation0668,"Salvago, Giovan",translator,Person_487
doc_italian_096,PersonDocumentRelation0669,Cadi di Tripoli,Recipient,Person_540
doc_italian_096,PersonDocumentRelation0670,"Salvago, Giovan",translator,Person_487
doc_italian_097,PersonDocumentRelation0671,"Brutti, Bartolomeo (I)",translator,Person_066
doc_italian_098,PersonDocumentRelation0672,"Brutti, Bartolomeo (I)",translator,Person_066
doc_italian_099,PersonDocumentRelation0673,"Brutti, Bartolomeo (I)",translator,Person_066
doc_italian_100,PersonDocumentRelation0674,"Brutti, Bartolomeo (I)",translator,Person_066
doc_italian_101,PersonDocumentRelation0675,"Brutti, Bartolomeo (I)",translator,Person_066
doc_italian_102,PersonDocumentRelation0676,"Brutti, Bartolomeo (I)",translator,Person_066
Echnebi_Defteri_08,PersonDocumentRelation0677,"Aga, Mahmud Aga",Mentioned,Person_452
Echnebi_Defteri_111,PersonDocumentRelation0678,"Borisi, Marc'antonio",Translator (Dragoman),Person_050
Echnebi_Defteri_112,PersonDocumentRelation0679,"Borisi, Marc'antonio",Mentioned,Person_050
Echnebi_Defteri_124,PersonDocumentRelation0680,"Abasdan, Mustafa",Mentioned,Person_422
Echnebi_Defteri_14,PersonDocumentRelation0681,"Anton, Marko",Translator (Dragoman),Person_511
Echnebi_Defteri_148,PersonDocumentRelation0682,"Alexandr, Darna",Mentioned,Person_482
Echnebi_Defteri_15,PersonDocumentRelation0683,"Anton, Marko",Mentioned,Person_511
Echnebi_Defteri_163,PersonDocumentRelation0684,"Ausonio, Giulio",Mentioned,Person_016
Echnebi_Defteri_167,PersonDocumentRelation0685,"Grillo, Ambrogio",Translator (Dragoman),Person_194
Echnebi_Defteri_168,PersonDocumentRelation0686,"Grillo, Ambrogio",Mentioned,Person_194
Echnebi_Defteri_189,PersonDocumentRelation0687,"Domenico, Giovanni",Addressee,Person_551
Echnebi_Defteri_190,PersonDocumentRelation0688,"Domenico, Giovanni",Mentioned,Person_551
Echnebi_Defteri_209,PersonDocumentRelation0689,"Domenico, Giovanni",Translator (Dragoman),Person_551
Echnebi_Defteri_210,PersonDocumentRelation0690,"Domenico, Giovanni",Mentioned,Person_551
Echnebi_Defteri_213,PersonDocumentRelation0691,Gianesin,Mentioned,Person_408
Echnebi_Defteri_219,PersonDocumentRelation0692,"Abdulkadir, Emir Ahmed",Mentioned,Person_428
Echnebi_Defteri_226,PersonDocumentRelation0693,"Borisi, Marc'antonio",Translator (Dragoman),Person_050
Echnebi_Defteri_227,PersonDocumentRelation0694,"Borisi, Marc'antonio",Mentioned,Person_050
Echnebi_Defteri_228,PersonDocumentRelation0695,Simon Kontarin,Mentioned,Person_489
Echnebi_Defteri_229,PersonDocumentRelation0696,Gianesin,Mentioned,Person_408
Echnebi_Defteri_230,PersonDocumentRelation0697,"Salvago, Gianesin ",Mentioned,Person_408
Echnebi_Defteri_234,PersonDocumentRelation0698,"Salvago, Gianesin (I)",Translator (Dragoman),Person_312
Echnebi_Defteri_235,PersonDocumentRelation0699,"Salvago, Gianesin (I)",Mentioned,Person_312
Echnebi_Defteri_236,PersonDocumentRelation0700,Gianesin,Mentioned,Person_408
Echnebi_Defteri_238,PersonDocumentRelation0701,"Borisi, Alessandra",Mentioned,Person_043
Echnebi_Defteri_238,PersonDocumentRelation0702,"Borisi, Marc'antonio",Mentioned,Person_050
Echnebi_Defteri_263,PersonDocumentRelation0703,"Brutti, Barnabà [Bernardo]",Mentioned,Person_065
Echnebi_Defteri_281,PersonDocumentRelation0704,"Salvago, Gianesin (I)",Translator (Dragoman),Person_312
Echnebi_Defteri_284,PersonDocumentRelation0705,"Cavaliere, Simone Contarini",Translator (Dragoman),Person_543
Echnebi_Defteri_285,PersonDocumentRelation0706,"Cavaliere, Simone Contarini",Mentioned,Person_543
Echnebi_Defteri_293,PersonDocumentRelation0707,"Borisi, Alessandra",Mentioned,Person_043
Echnebi_Defteri_39,PersonDocumentRelation0708,"Salvago, Giuliano",Translator (Dragoman),Person_316
Echnebi_Defteri_40,PersonDocumentRelation0709,Abdulkadir,Mentioned,Person_425
Echnebi_Defteri_59,PersonDocumentRelation0710,"Brutti, Christoforo (I)",Translator (Dragoman),Person_071
Italian_Sarah_Loose_in Progress_01,PersonDocumentRelation0711,"Brutti, Bartolomeo (I)",Translator,Person_066
Italian_Sarah_Loose_in Progress_02,PersonDocumentRelation0712,"Brutti, Bartolomeo (I)",Translator,Person_066
Italian_Sarah_Loose_in Progress_03,PersonDocumentRelation0713,"Brutti, Bartolomeo (I)",Translator,Person_066
Italian_Sarah_Loose_in Progress_04,PersonDocumentRelation0714,"Brutti, Bartolomeo (I)",Translator,Person_066
Italian_Sarah_Loose_in Progress_05,PersonDocumentRelation0715,"Brutti, Bartolomeo (I)",Translator,Person_066
Italian_Sarah_Loose_in Progress_06,PersonDocumentRelation0716,"Brutti, Bartolomeo (I)",Translator,Person_066
Italian_Sarah_Loose_in Progress_07,PersonDocumentRelation0717,"Brutti, Bartolomeo (I)",Translator,Person_066
Italian_Sarah_Loose_in Progress_08,PersonDocumentRelation0718,"Brutti, Bartolomeo (I)",Translator,Person_066
Italian_Sarah_Loose_in Progress_09,PersonDocumentRelation0719,"Brutti, Bartolomeo (I)",Translator,Person_066
Italian_Sarah_Loose_in Progress_10,PersonDocumentRelation0720,"Borisi, Marc'antonio",Translator,Person_050
Italian_Sarah_Loose_in Progress_101,PersonDocumentRelation0721,"Borisi, Marc'antonio",Translator,Person_050
Italian_Sarah_Loose_in Progress_103,PersonDocumentRelation0722,"Borisi, Marc'antonio",Translator,Person_050
Italian_Sarah_Loose_in Progress_104,PersonDocumentRelation0723,"Borisi, Marc'antonio",Translator,Person_050
Italian_Sarah_Loose_in Progress_11,PersonDocumentRelation0724,"Borisi, Marc'antonio",Translator,Person_050
Italian_Sarah_Loose_in Progress_110,PersonDocumentRelation0725,"Borisi, Marc'antonio",Translator,Person_050
Italian_Sarah_Loose_in Progress_111,PersonDocumentRelation0726,"Borisi, Marc'antonio",Translator,Person_050
Italian_Sarah_Loose_in Progress_117,PersonDocumentRelation0727,"Borisi, Marc'antonio",Translator,Person_050
Italian_Sarah_Loose_in Progress_118,PersonDocumentRelation0728,"Borisi, Marc'antonio",Translator,Person_050
Italian_Sarah_Loose_in Progress_12,PersonDocumentRelation0729,"Brutti, Bartolomeo (I)",Translator,Person_066
Italian_Sarah_Loose_in Progress_121,PersonDocumentRelation0730,"Borisi, Marc'antonio",Translator,Person_050
Italian_Sarah_Loose_in Progress_123,PersonDocumentRelation0731,"Borisi, Marc'antonio",Translator,Person_050
Italian_Sarah_Loose_in Progress_124,PersonDocumentRelation0732,"Borisi, Marc'antonio",Translator,Person_050
Italian_Sarah_Loose_in Progress_125,PersonDocumentRelation0733,"Borisi, Marc'antonio",Translator,Person_050
Italian_Sarah_Loose_in Progress_126,PersonDocumentRelation0734,"Borisi, Marc'antonio",Translator,Person_050
Italian_Sarah_Loose_in Progress_127,PersonDocumentRelation0735,"Borisi, Marc'antonio",Translator,Person_050
Italian_Sarah_Loose_in Progress_129,PersonDocumentRelation0736,"Borisi, Marc'antonio",Translator,Person_050
Italian_Sarah_Loose_in Progress_13,PersonDocumentRelation0737,"Borisi, Marc'antonio",Translator,Person_050
Italian_Sarah_Loose_in Progress_130,PersonDocumentRelation0738,"Borisi, Marc'antonio",Translator,Person_050
Italian_Sarah_Loose_in Progress_131,PersonDocumentRelation0739,"Borisi, Marc'antonio",Translator,Person_050
Italian_Sarah_Loose_in Progress_132,PersonDocumentRelation0740,"Borisi, Marc'antonio",Translator,Person_050
Italian_Sarah_Loose_in Progress_133,PersonDocumentRelation0741,"Borisi, Marc'antonio",Translator,Person_050
Italian_Sarah_Loose_in Progress_134,PersonDocumentRelation0742,"Borisi, Marc'antonio",Translator,Person_050
Italian_Sarah_Loose_in Progress_136,PersonDocumentRelation0743,"Borisi, Marc'antonio",Translator,Person_050
Italian_Sarah_Loose_in Progress_137,PersonDocumentRelation0744,"Borisi, Marc'antonio",Translator,Person_050
Italian_Sarah_Loose_in Progress_138,PersonDocumentRelation0745,"Borisi, Marc'antonio",Translator,Person_050
Italian_Sarah_Loose_in Progress_139,PersonDocumentRelation0746,"Borisi, Marc'antonio",Translator,Person_050
Italian_Sarah_Loose_in Progress_14,PersonDocumentRelation0747,"Borisi, Marc'antonio",Translator,Person_050
Italian_Sarah_Loose_in Progress_140,PersonDocumentRelation0748,"Borisi, Marc'antonio",Translator,Person_050
Italian_Sarah_Loose_in Progress_141,PersonDocumentRelation0749,"Borisi, Marc'antonio",Translator,Person_050
Italian_Sarah_Loose_in Progress_142,PersonDocumentRelation0750,"Borisi, Marc'antonio",Translator,Person_050
Italian_Sarah_Loose_in Progress_143,PersonDocumentRelation0751,"Borisi, Marc'antonio",Translator,Person_050
Italian_Sarah_Loose_in Progress_144,PersonDocumentRelation0752,"Borisi, Marc'antonio",Translator,Person_050
Italian_Sarah_Loose_in Progress_147,PersonDocumentRelation0753,"Borisi, Marc'antonio",Translator,Person_050
Italian_Sarah_Loose_in Progress_148,PersonDocumentRelation0754,"Borisi, Marc'antonio",Translator,Person_050
Italian_Sarah_Loose_in Progress_149,PersonDocumentRelation0755,"Borisi, Marc'antonio",Translator,Person_050
Italian_Sarah_Loose_in Progress_15,PersonDocumentRelation0756,"Borisi, Marc'antonio",Translator,Person_050
Italian_Sarah_Loose_in Progress_150,PersonDocumentRelation0757,"Borisi, Marc'antonio",Translator,Person_050
Italian_Sarah_Loose_in Progress_151,PersonDocumentRelation0758,"Borisi, Marc'antonio",Translator,Person_050
Italian_Sarah_Loose_in Progress_155,PersonDocumentRelation0759,"Brutti, Christoforo (I)",Translator,Person_071
Italian_Sarah_Loose_in Progress_156,PersonDocumentRelation0760,"Borisi, Marc'antonio",Translator,Person_050
Italian_Sarah_Loose_in Progress_157,PersonDocumentRelation0761,"Borisi, Marc'antonio",Translator,Person_050
Italian_Sarah_Loose_in Progress_158,PersonDocumentRelation0762,"Borisi, Marc'antonio",Translator,Person_050
Italian_Sarah_Loose_in Progress_159,PersonDocumentRelation0763,"Borisi, Marc'antonio",Translator,Person_050
Italian_Sarah_Loose_in Progress_16,PersonDocumentRelation0764,"Borisi, Marc'antonio",Translator,Person_050
Italian_Sarah_Loose_in Progress_160,PersonDocumentRelation0765,"Brutti, Christoforo (I)",Translator,Person_071
Italian_Sarah_Loose_in Progress_161,PersonDocumentRelation0766,"Borisi, Marc'antonio",Translator,Person_050
Italian_Sarah_Loose_in Progress_162,PersonDocumentRelation0767,"Brutti, Christoforo (I)",Translator,Person_071
Italian_Sarah_Loose_in Progress_163,PersonDocumentRelation0768,"Brutti, Christoforo (I)",Translator,Person_071
Italian_Sarah_Loose_in Progress_164,PersonDocumentRelation0769,"Brutti, Christoforo (I)",Translator,Person_071
Italian_Sarah_Loose_in Progress_165,PersonDocumentRelation0770,"Brutti, Christoforo (I)",Translator,Person_071
Italian_Sarah_Loose_in Progress_166,PersonDocumentRelation0771,"Borisi, Marc'antonio",Translator,Person_050
Italian_Sarah_Loose_in Progress_167,PersonDocumentRelation0772,"Borisi, Marc'antonio",Translator,Person_050
Italian_Sarah_Loose_in Progress_168,PersonDocumentRelation0773,"Borisi, Marc'antonio",Translator,Person_050
Italian_Sarah_Loose_in Progress_169,PersonDocumentRelation0774,"Borisi, Marc'antonio",Translator,Person_050
Italian_Sarah_Loose_in Progress_17,PersonDocumentRelation0775,"Borisi, Marc'antonio",Translator,Person_050
Italian_Sarah_Loose_in Progress_170,PersonDocumentRelation0776,"Borisi, Marc'antonio",Translator,Person_050
Italian_Sarah_Loose_in Progress_171,PersonDocumentRelation0777,"Brutti, Christoforo (I)",Translator,Person_071
Italian_Sarah_Loose_in Progress_172,PersonDocumentRelation0778,"Brutti, Christoforo (I)",Translator,Person_071
Italian_Sarah_Loose_in Progress_173,PersonDocumentRelation0779,"Borisi, Marc'antonio",Translator,Person_050
Italian_Sarah_Loose_in Progress_178,PersonDocumentRelation0780,"Brutti, Christoforo (I)",Translator,Person_071
Italian_Sarah_Loose_in Progress_179,PersonDocumentRelation0781,"Borisi, Marc'antonio",Translator,Person_050
Italian_Sarah_Loose_in Progress_18,PersonDocumentRelation0782,"Borisi, Marc'antonio",Translator,Person_050
Italian_Sarah_Loose_in Progress_180,PersonDocumentRelation0783,"Borisi, Marc'antonio",Translator,Person_050
Italian_Sarah_Loose_in Progress_181,PersonDocumentRelation0784,"Brutti, Christoforo (I)",Translator,Person_071
Italian_Sarah_Loose_in Progress_182,PersonDocumentRelation0785,"Brutti, Christoforo (I)",Translator,Person_071
Italian_Sarah_Loose_in Progress_183,PersonDocumentRelation0786,"Brutti, Christoforo (I)",Translator,Person_071
Italian_Sarah_Loose_in Progress_184,PersonDocumentRelation0787,"Brutti, Christoforo (I)",Translator,Person_071
Italian_Sarah_Loose_in Progress_185,PersonDocumentRelation0788,"Brutti, Christoforo (I)",Translator,Person_071
Italian_Sarah_Loose_in Progress_186,PersonDocumentRelation0789,"Brutti, Christoforo (I)",Translator,Person_071
Italian_Sarah_Loose_in Progress_187,PersonDocumentRelation0790,"Brutti, Christoforo (I)",Translator,Person_071
Italian_Sarah_Loose_in Progress_188,PersonDocumentRelation0791,"Brutti, Christoforo (I)",Translator,Person_071
Italian_Sarah_Loose_in Progress_189,PersonDocumentRelation0792,"Borisi, Marc'antonio",Translator,Person_050
Italian_Sarah_Loose_in Progress_19,PersonDocumentRelation0793,"Borisi, Marc'antonio",Translator,Person_050
Italian_Sarah_Loose_in Progress_190,PersonDocumentRelation0794,"Borisi, Marc'antonio",Translator,Person_050
Italian_Sarah_Loose_in Progress_191,PersonDocumentRelation0795,"Brutti, Christoforo (I)",Translator,Person_071
Italian_Sarah_Loose_in Progress_192,PersonDocumentRelation0796,"Borisi, Marc'antonio",Translator,Person_050
Italian_Sarah_Loose_in Progress_193,PersonDocumentRelation0797,"Borisi, Marc'antonio",Translator,Person_050
Italian_Sarah_Loose_in Progress_194,PersonDocumentRelation0798,"Borisi, Marc'antonio",Translator,Person_050
Italian_Sarah_Loose_in Progress_195,PersonDocumentRelation0799,"Brutti, Christoforo (I)",Translator,Person_071
Italian_Sarah_Loose_in Progress_196,PersonDocumentRelation0800,"Borisi, Marc'antonio",Translator,Person_050
Italian_Sarah_Loose_in Progress_197,PersonDocumentRelation0801,"Brutti, Christoforo (I)",Translator,Person_071
Italian_Sarah_Loose_in Progress_198,PersonDocumentRelation0802,"Borisi, Marc'antonio",Translator,Person_050
Italian_Sarah_Loose_in Progress_20,PersonDocumentRelation0803,"Borisi, Marc'antonio",Translator,Person_050
Italian_Sarah_Loose_in Progress_21,PersonDocumentRelation0804,"Borisi, Marc'antonio",Translator,Person_050
Italian_Sarah_Loose_in Progress_22,PersonDocumentRelation0805,"Borisi, Marc'antonio",Translator,Person_050
Italian_Sarah_Loose_in Progress_23,PersonDocumentRelation0806,"Borisi, Marc'antonio",Translator,Person_050
Italian_Sarah_Loose_in Progress_24,PersonDocumentRelation0807,"Borisi, Marc'antonio",Translator,Person_050
Italian_Sarah_Loose_in Progress_25,PersonDocumentRelation0808,"Borisi, Marc'antonio",Translator,Person_050
Italian_Sarah_Loose_in Progress_26,PersonDocumentRelation0809,"Borisi, Marc'antonio",Translator,Person_050
Italian_Sarah_Loose_in Progress_27,PersonDocumentRelation0810,"Borisi, Marc'antonio",Translator,Person_050
Italian_Sarah_Loose_in Progress_28,PersonDocumentRelation0811,"Borisi, Marc'antonio",Translator,Person_050
Italian_Sarah_Loose_in Progress_29,PersonDocumentRelation0812,"Borisi, Marc'antonio",Translator,Person_050
Italian_Sarah_Loose_in Progress_30,PersonDocumentRelation0813,"Borisi, Marc'antonio",Translator,Person_050
Italian_Sarah_Loose_in Progress_31,PersonDocumentRelation0814,"Brutti, Bartolomeo (I)",Translator,Person_066
Italian_Sarah_Loose_in Progress_32,PersonDocumentRelation0815,"Borisi, Marc'antonio",Translator,Person_050
Italian_Sarah_Loose_in Progress_33,PersonDocumentRelation0816,"Borisi, Marc'antonio",Translator,Person_050
Italian_Sarah_Loose_in Progress_34,PersonDocumentRelation0817,"Borisi, Marc'antonio",Translator,Person_050
Italian_Sarah_Loose_in Progress_35,PersonDocumentRelation0818,"Borisi, Marc'antonio",Translator,Person_050
Italian_Sarah_Loose_in Progress_36,PersonDocumentRelation0819,"Borisi, Marc'antonio",Translator,Person_050
Italian_Sarah_Loose_in Progress_37,PersonDocumentRelation0820,"Borisi, Marc'antonio",Translator,Person_050
Italian_Sarah_Loose_in Progress_38,PersonDocumentRelation0821,"Borisi, Marc'antonio",Translator,Person_050
Italian_Sarah_Loose_in Progress_39,PersonDocumentRelation0822,"Borisi, Marc'antonio",Translator,Person_050
Italian_Sarah_Loose_in Progress_40,PersonDocumentRelation0823,"Borisi, Marc'antonio",Translator,Person_050
Italian_Sarah_Loose_in Progress_41,PersonDocumentRelation0824,"Borisi, Marc'antonio",Translator,Person_050
Italian_Sarah_Loose_in Progress_42,PersonDocumentRelation0825,"Borisi, Marc'antonio",Translator,Person_050
Italian_Sarah_Loose_in Progress_43,PersonDocumentRelation0826,"Borisi, Marc'antonio",Translator,Person_050
Italian_Sarah_Loose_in Progress_44,PersonDocumentRelation0827,"Borisi, Marc'antonio",Translator,Person_050
Italian_Sarah_Loose_in Progress_45,PersonDocumentRelation0828,"Borisi, Marc'antonio",Translator,Person_050
Italian_Sarah_Loose_in Progress_48,PersonDocumentRelation0829,"Brutti, Bartolomeo (I)",Translator,Person_066
Italian_Sarah_Loose_in Progress_49,PersonDocumentRelation0830,"Borisi, Marc'antonio",Translator,Person_050
Italian_Sarah_Loose_in Progress_50,PersonDocumentRelation0831,"Borisi, Marc'antonio",Translator,Person_050
Italian_Sarah_Loose_in Progress_51,PersonDocumentRelation0832,"Brutti, Bartolomeo (I)",Translator,Person_066
Italian_Sarah_Loose_in Progress_52,PersonDocumentRelation0833,"Brutti, Bartolomeo (I)",Translator,Person_066
Italian_Sarah_Loose_in Progress_53,PersonDocumentRelation0834,"Brutti, Bartolomeo (I)",Translator,Person_066
Italian_Sarah_Loose_in Progress_54,PersonDocumentRelation0835,"Borisi, Marc'antonio",Translator,Person_050
Italian_Sarah_Loose_in Progress_55,PersonDocumentRelation0836,"Borisi, Marc'antonio",Translator,Person_050
Italian_Sarah_Loose_in Progress_56,PersonDocumentRelation0837,"Borisi, Marc'antonio",Translator,Person_050
Italian_Sarah_Loose_in Progress_57,PersonDocumentRelation0838,"Borisi, Marc'antonio",Translator,Person_050
Italian_Sarah_Loose_in Progress_58,PersonDocumentRelation0839,"Borisi, Marc'antonio",Translator,Person_050
Italian_Sarah_Loose_in Progress_60,PersonDocumentRelation0840,"Borisi, Marc'antonio",Translator,Person_050
Italian_Sarah_Loose_in Progress_61,PersonDocumentRelation0841,"Borisi, Marc'antonio",Translator,Person_050
Italian_Sarah_Loose_in Progress_62,PersonDocumentRelation0842,"Borisi, Marc'antonio",Translator,Person_050
Italian_Sarah_Loose_in Progress_63,PersonDocumentRelation0843,"Borisi, Marc'antonio",Translator,Person_050
Italian_Sarah_Loose_in Progress_64,PersonDocumentRelation0844,"Brutti, Bartolomeo (I)",Translator,Person_066
Italian_Sarah_Loose_in Progress_65,PersonDocumentRelation0845,"Borisi, Marc'antonio",Translator,Person_050
Italian_Sarah_Loose_in Progress_66,PersonDocumentRelation0846,"Borisi, Marc'antonio",Translator,Person_050
Italian_Sarah_Loose_in Progress_67,PersonDocumentRelation0847,"Borisi, Marc'antonio",Translator,Person_050
Italian_Sarah_Loose_in Progress_68,PersonDocumentRelation0848,"Borisi, Marc'antonio",Translator,Person_050
Italian_Sarah_Loose_in Progress_69,PersonDocumentRelation0849,"Borisi, Marc'antonio",Translator,Person_050
Italian_Sarah_Loose_in Progress_70,PersonDocumentRelation0850,"Borisi, Marc'antonio",Translator,Person_050
Italian_Sarah_Loose_in Progress_71,PersonDocumentRelation0851,"Borisi, Marc'antonio",Translator,Person_050
Italian_Sarah_Loose_in Progress_72,PersonDocumentRelation0852,"Brutti, Barnabà [Bernardo]",Translator,Person_065
Italian_Sarah_Loose_in Progress_73,PersonDocumentRelation0853,"Borisi, Marc'antonio",Translator,Person_050
Italian_Sarah_Loose_in Progress_75,PersonDocumentRelation0854,"Brutti, Bartolomeo (I)",Translator,Person_066
Italian_Sarah_Loose_in Progress_76,PersonDocumentRelation0855,"Borisi, Marc'antonio",Translator,Person_050
Italian_Sarah_Loose_in Progress_77,PersonDocumentRelation0856,"Borisi, Marc'antonio",Translator,Person_050
Italian_Sarah_Loose_in Progress_78,PersonDocumentRelation0857,"Borisi, Marc'antonio",Translator,Person_050
Italian_Sarah_Loose_in Progress_79,PersonDocumentRelation0858,"Borisi, Marc'antonio",Translator,Person_050
Italian_Sarah_Loose_in Progress_80,PersonDocumentRelation0859,"Brutti, Barnabà [Bernardo]",Translator,Person_065
Italian_Sarah_Loose_in Progress_81,PersonDocumentRelation0860,"Brutti, Barnabà [Bernardo]",Translator,Person_065
Italian_Sarah_Loose_in Progress_82,PersonDocumentRelation0861,"Brutti, Barnabà [Bernardo]",Translator,Person_065
Italian_Sarah_Loose_in Progress_83,PersonDocumentRelation0862,"Brutti, Bartolomeo (I)",Translator,Person_066
Italian_Sarah_Loose_in Progress_84,PersonDocumentRelation0863,"Borisi, Marc'antonio",Translator,Person_050
Italian_Sarah_Loose_in Progress_85,PersonDocumentRelation0864,"Borisi, Marc'antonio",Translator,Person_050
Italian_Sarah_Loose_in Progress_86,PersonDocumentRelation0865,"Borisi, Marc'antonio",Translator,Person_050
Italian_Sarah_Loose_in Progress_87,PersonDocumentRelation0866,"Borisi, Marc'antonio",Translator,Person_050
Italian_Sarah_Loose_in Progress_88,PersonDocumentRelation0867,"Brutti, Barnabà [Bernardo]",Translator,Person_065
Italian_Sarah_Loose_in Progress_89,PersonDocumentRelation0868,"Brutti, Barnabà [Bernardo]",Translator,Person_065
Italian_Sarah_Loose_in Progress_90,PersonDocumentRelation0869,"Brutti, Barnabà [Bernardo]",Translator,Person_065
Italian_Sarah_Loose_in Progress_91,PersonDocumentRelation0870,"Borisi, Marc'antonio",Translator,Person_050
Italian_Sarah_Loose_in Progress_92,PersonDocumentRelation0871,"Borisi, Marc'antonio",Translator,Person_050
Italian_Sarah_Loose_in Progress_93,PersonDocumentRelation0872,"Borisi, Marc'antonio",Translator,Person_050
Italian_Sarah_Loose_in Progress_94,PersonDocumentRelation0873,"Borisi, Marc'antonio",Translator,Person_050
Italian_Sarah_Loose_in Progress_95,PersonDocumentRelation0874,"Borisi, Marc'antonio",Translator,Person_050
Italian_Sarah_Loose_in Progress_96,PersonDocumentRelation0875,"Brutti, Barnabà [Bernardo]",Translator,Person_065
Italian_Sarah_Loose_in Progress_98,PersonDocumentRelation0876,"Brutti, Barnabà [Bernardo]",Translator,Person_065
Italian_Sarah_Loose_in Progress_99,PersonDocumentRelation0877,"Brutti, Barnabà [Bernardo]",Translator,Person_065